Subject,Force,BallFreq,Energy0.5,Energy1.0,Energy1.5,Energy2.5,Resonance
Subject1,F0_B0,0.5Hz,0.11564592413505269,0.31170975552221886,0.14394524384184043,0.05888665154563266,0.11564592413505269
Subject1,F0_B0,0.5Hz,0.1917995580313918,0.5311937031953001,0.39618245089661336,0.11532930485087395,0.1917995580313918
Subject1,F0_B0,0.5Hz,0.3199225855497939,0.8402214759595064,0.595839166999823,0.15634159881230292,0.3199225855497939
Subject1,F0_B0,0.5Hz,0.5329433628957263,1.0631362385579037,0.7467250923005893,0.2028680380196811,0.5329433628957263
Subject1,F0_B0,0.5Hz,0.7117134981666875,1.3275869113257681,0.8967835610416516,0.26098951440786944,0.7117134981666875
Subject1,F0_B0,0.5Hz,0.8416867756588314,1.584372870824362,1.0255250745981888,0.3348238496747077,0.8416867756588314
Subject2,F0_B0,0.5Hz,0.281315540984844,0.22230736416818941,0.12622075684530537,0.04039099969187255,0.281315540984844
Subject2,F0_B0,0.5Hz,0.5366983229659095,0.4726225509087281,0.25193107231571404,0.07201885443065653,0.5366983229659095
Subject2,F0_B0,0.5Hz,0.8312037528720378,0.685769190290892,0.41744511885515473,0.0984626429575851,0.8312037528720378
Subject2,F0_B0,0.5Hz,1.0782154345604578,0.9303005465422898,0.5319979193716918,0.14203303099571812,1.0782154345604578
Subject2,F0_B0,0.5Hz,1.345352583181901,1.2154960555230734,0.6377892832049008,0.17546007957230875,1.345352583181901
Subject2,F0_B0,0.5Hz,1.5028357157984873,1.5684599053270505,0.7593198760311717,0.2063170162842766,1.5028357157984873
Subject3,F0_B0,0.5Hz,0.07527199304091212,0.20650954530240928,0.1842051383290619,0.07367518033482788,0.07527199304091212
Subject3,F0_B0,0.5Hz,0.16754302322523112,0.3539804308653546,0.34956344961737684,0.18793066626520336,0.16754302322523112
Subject3,F0_B0,0.5Hz,0.26228508304065656,0.4994163948224543,0.5953016357735861,0.28443035980170484,0.26228508304065656
Subject3,F0_B0,0.5Hz,0.3288688400694534,0.7406343662033291,0.7408502151489555,0.40704925479125226,0.3288688400694534
Subject3,F0_B0,0.5Hz,0.402831092530883,0.8815641733362466,0.9292469100841445,0.484800432525225,0.402831092530883
Subject3,F0_B0,0.5Hz,0.4578176138296394,0.9968062050259048,1.1669334435494774,0.5835918123128458,0.4578176138296394
Subject4,F0_B0,0.5Hz,0.08277021443407989,0.17399780749285515,0.1927037194771724,0.1055315158873311,0.08277021443407989
Subject4,F0_B0,0.5Hz,0.2181771408817328,0.34823429823705687,0.3864163995387002,0.178969509389322,0.2181771408817328
Subject4,F0_B0,0.5Hz,0.3236487104155793,0.6151853387429336,0.5663004988863861,0.2563017356882185,0.3236487104155793
Subject4,F0_B0,0.5Hz,0.45004638572448236,0.8355029944339087,0.7554086116751907,0.343213262270189,0.45004638572448236
Subject4,F0_B0,0.5Hz,0.5246894039610559,1.1554553877383014,0.9512849488701333,0.404164222468552,0.5246894039610559
Subject4,F0_B0,0.5Hz,0.6592259879545582,1.39650102451148,1.1194159947152367,0.47677847404571333,0.6592259879545582
Subject5,F0_B0,0.5Hz,0.22901972723253913,0.22832511091289298,0.1274242287488055,0.055431393083941086,0.22901972723253913
Subject5,F0_B0,0.5Hz,0.4661593881528359,0.411990871150686,0.3217413515534242,0.12067287785262944,0.4661593881528359
Subject5,F0_B0,0.5Hz,0.6792956898536961,0.6723079799598819,0.4486770254987675,0.16581293530702884,0.6792956898536961
Subject5,F0_B0,0.5Hz,0.9313060124498398,0.8722120239139792,0.5836921920119502,0.2307156160710044,0.9313060124498398
Subject5,F0_B0,0.5Hz,1.0581258147555783,1.0449310767540123,0.7014866866667251,0.2942184447484101,1.0581258147555783
Subject5,F0_B0,0.5Hz,1.2424066442723776,1.3479398999348202,0.786135877858488,0.359194313733814,1.2424066442723776
Subject6,F0_B0,0.5Hz,0.21587618033258651,0.20860093877586117,0.13025009951805888,0.03885376183458702,0.21587618033258651
Subject6,F0_B0,0.5Hz,0.4840165902213325,0.502340668205411,0.22159792250891241,0.07113348364589961,0.4840165902213325
Subject6,F0_B0,0.5Hz,0.6954589124098544,0.8738406211145795,0.3447393892395582,0.10547367092264381,0.6954589124098544
Subject6,F0_B0,0.5Hz,0.9640058480899306,1.061570390334548,0.4948146400909552,0.15384912897769507,0.9640058480899306
Subject6,F0_B0,0.5Hz,1.1846479705554933,1.318326764875718,0.6250232618446689,0.19488674982490245,1.1846479705554933
Subject6,F0_B0,0.5Hz,1.4078252161140496,1.7178544270877776,0.7349452843437612,0.22673880879328187,1.4078252161140496
Subject7,F0_B0,0.5Hz,0.09582274057081958,0.22127002487444727,0.16707574852148072,0.0391500584415697,0.09582274057081958
Subject7,F0_B0,0.5Hz,0.14634624486423703,0.45508971574876655,0.3097099247619801,0.1277855387284889,0.14634624486423703
Subject7,F0_B0,0.5Hz,0.2121884800791623,0.6696172751812183,0.45433703079355914,0.17457987671113573,0.2121884800791623
Subject7,F0_B0,0.5Hz,0.2656383821769823,0.9081597849633711,0.6314730166582541,0.2552343044298912,0.2656383821769823
Subject7,F0_B0,0.5Hz,0.32730151432404936,1.066750282013817,0.8694774814691141,0.348840885363747,0.32730151432404936
Subject7,F0_B0,0.5Hz,0.3544263737401245,1.228250150611753,1.165637376272232,0.43669496671309305,0.3544263737401245
Subject1,F1_B0,0.5Hz,0.18329664788360897,0.3173657775156114,0.12958306625807034,0.0455337965588351,0.18329664788360897
Subject1,F1_B0,0.5Hz,0.3041540686697599,0.6112630859374422,0.32573696994261253,0.1054480694651599,0.3041540686697599
Subject1,F1_B0,0.5Hz,0.44235435234244735,0.9378681893200209,0.5052167484978343,0.1572389278777549,0.44235435234244735
Subject1,F1_B0,0.5Hz,0.5594980346220387,1.1717744527812402,0.7108622367329793,0.19318924734896104,0.5594980346220387
Subject1,F1_B0,0.5Hz,0.6346194230680711,1.481128611778627,0.926471913451067,0.2579161522171771,0.6346194230680711
Subject1,F1_B0,0.5Hz,0.819271117673618,1.729886332925569,1.086751828079423,0.28958157018090736,0.819271117673618
Subject1,F1_B0,1Hz,0.15363387878452428,0.25800892145980475,0.1070090670941206,0.03132179863421359,0.25800892145980475
Subject1,F1_B0,1Hz,0.351832609473607,0.5957690312376582,0.19748670568595295,0.0775509222159165,0.5957690312376582
Subject1,F1_B0,1Hz,0.6054439753168366,0.7993434574779947,0.323315384309123,0.11796806459297682,0.7993434574779947
Subject1,F1_B0,1Hz,0.7590991563387804,1.11680648269653,0.5140199649809295,0.1699478206147121,1.11680648269653
Subject1,F1_B0,1Hz,0.9572785647778176,1.3819316392182464,0.6242772372161781,0.21014389468673603,1.3819316392182464
Subject1,F1_B0,1Hz,1.0551428598814288,1.7332086587526456,0.773853838732682,0.25997700050708195,1.7332086587526456
Subject1,F1_B0,1.5Hz,0.11952272477516729,0.36246391739851336,0.19442680371712906,0.03401517974417795,0.19442680371712906
Subject1,F1_B0,1.5Hz,0.28512310091883586,0.6598887362730252,0.35426748456686197,0.09646409542633372,0.35426748456686197
Subject1,F1_B0,1.5Hz,0.42697161769182707,1.057155429207132,0.5320967931998128,0.1217025364308882,0.5320967931998128
Subject1,F1_B0,1.5Hz,0.5662057213720072,1.3584455026812408,0.6893641457997142,0.18395513763364862,0.6893641457997142
Subject1,F1_B0,1.5Hz,0.6793195260559696,1.6778566093240883,0.8535436502396305,0.26566438084423616,0.8535436502396305
Subject1,F1_B0,1.5Hz,0.7801022856719428,1.992061847034588,0.9922765069416617,0.3160496717958566,0.9922765069416617
Subject1,F1_B0,2.5Hz,0.1836146241907905,0.20772023053225788,0.16050646756756418,0.06555257566639579,0.06555257566639579
Subject1,F1_B0,2.5Hz,0.2979624973636593,0.4887380975381098,0.24801089587266884,0.1696736331523386,0.1696736331523386
Subject1,F1_B0,2.5Hz,0.4267750601909178,0.7939385851099301,0.3392501554579274,0.24531757562349477,0.24531757562349477
Subject1,F1_B0,2.5Hz,0.5305320437735499,1.0002878488691038,0.6476040889509749,0.3089379962520421,0.3089379962520421
Subject1,F1_B0,2.5Hz,0.6422889344937799,1.290869920039741,0.853712191134028,0.35068949942455896,0.35068949942455896
Subject1,F1_B0,2.5Hz,0.7878971478548566,1.5295157594638737,1.0498425650828045,0.4081884481862369,0.4081884481862369
Subject2,F1_B0,0.5Hz,0.20381484163938526,0.22775380797133074,0.10941860588801663,0.04410314361125664,0.20381484163938526
Subject2,F1_B0,0.5Hz,0.4369066088522327,0.4224807991991837,0.30674052018929276,0.08623150314780847,0.4369066088522327
Subject2,F1_B0,0.5Hz,0.7360400320317237,0.6056470294829224,0.4252930498572971,0.14082988277533806,0.7360400320317237
Subject2,F1_B0,0.5Hz,1.0366609620202802,0.8274643352867475,0.5542899957638194,0.17093808609386416,1.0366609620202802
Subject2,F1_B0,0.5Hz,1.3737898158891737,1.083055355837242,0.6385322148262187,0.21433803790112174,1.3737898158891737
Subject2,F1_B0,0.5Hz,1.6955077256053879,1.3393513340274144,0.7186685222558047,0.2549631213219007,1.6955077256053879
Subject2,F1_B0,1Hz,0.14129495952227542,0.32090253967890114,0.1322869592925217,0.0394675044991098,0.32090253967890114
Subject2,F1_B0,1Hz,0.29377185228151637,0.6505335963792725,0.27099646470723016,0.08156346891528213,0.6505335963792725
Subject2,F1_B0,1Hz,0.47192381590387733,0.9991674364677627,0.38435839839571295,0.12344518072220656,0.9991674364677627
Subject2,F1_B0,1Hz,0.7356767097091541,1.3465231141585972,0.48310521096419023,0.16458476602273509,1.3465231141585972
Subject2,F1_B0,1Hz,0.9910997593673092,1.653444632175787,0.5908918767821593,0.22461673215864164,1.653444632175787
Subject2,F1_B0,1Hz,1.200053864604077,1.9815203491214013,0.7261549985420567,0.25377353883391607,1.9815203491214013
Subject2,F1_B0,1.5Hz,0.19607514787668057,0.2458640248267943,0.20868405502185453,0.03688107965166121,0.20868405502185453
Subject2,F1_B0,1.5Hz,0.4160009152141449,0.39047859335241597,0.38078946336278463,0.0817542988815695,0.38078946336278463
Subject2,F1_B0,1.5Hz,0.5706849063501863,0.6832272369123713,0.553027585456904,0.10051501959176007,0.553027585456904
Subject2,F1_B0,1.5Hz,0.7916121349418261,0.9697781926519095,0.6975086720131738,0.14160637309574098,0.6975086720131738
Subject2,F1_B0,1.5Hz,1.0325213065522785,1.2249964709095715,0.8700326370547209,0.16510137521523893,0.8700326370547209
Subject2,F1_B0,1.5Hz,1.223998533209945,1.52428652992393,1.0237302392932144,0.2138184847975637,1.0237302392932144
Subject2,F1_B0,2.5Hz,0.17016277721666007,0.0949918714850194,0.19083056556217848,0.09753592598897376,0.09753592598897376
Subject2,F1_B0,2.5Hz,0.3724885256959002,0.31134706062897893,0.306444131430751,0.15859154980179543,0.15859154980179543
Subject2,F1_B0,2.5Hz,0.5410307596878512,0.5409798357618762,0.44176860760010905,0.23837530431075743,0.23837530431075743
Subject2,F1_B0,2.5Hz,0.7350554505938733,0.7992271613923262,0.5511581930150884,0.315607502938304,0.315607502938304
Subject2,F1_B0,2.5Hz,1.0318207685932976,1.0079847460280442,0.6799034028511332,0.3745395361863992,0.3745395361863992
Subject2,F1_B0,2.5Hz,1.306252063671448,1.2747851796899468,0.7663062455294242,0.4580009008801222,0.4580009008801222
Subject3,F1_B0,0.5Hz,0.07698143249921667,0.17865014845072102,0.20977107935077563,0.11807459405432011,0.07698143249921667
Subject3,F1_B0,0.5Hz,0.1653377313509567,0.3818493763344863,0.36956833425634783,0.21506452855804076,0.1653377313509567
Subject3,F1_B0,0.5Hz,0.23914896491637302,0.5618973850222416,0.5333045066623273,0.30617217987197143,0.23914896491637302
Subject3,F1_B0,0.5Hz,0.31415186116435645,0.6566665958149142,0.7456970480671419,0.4044869058431112,0.31415186116435645
Subject3,F1_B0,0.5Hz,0.4138400159250566,0.8718029566144634,0.9498149038636966,0.5010981455743462,0.4138400159250566
Subject3,F1_B0,0.5Hz,0.4952671518526095,1.061684382147059,1.1308245488796278,0.5996519558119664,0.4952671518526095
Subject3,F1_B0,1Hz,0.09688606527784616,0.2119237157163341,0.17108170641796785,0.06229969870599738,0.2119237157163341
Subject3,F1_B0,1Hz,0.2082690580551798,0.476960420309573,0.3583472498670286,0.12533592493921197,0.476960420309573
Subject3,F1_B0,1Hz,0.27727958055562263,0.6699641910651015,0.5595214928741545,0.20981340786069086,0.6699641910651015
Subject3,F1_B0,1Hz,0.3360534847161482,0.7934303066390558,0.7370367981319864,0.37852557698659184,0.7934303066390558
Subject3,F1_B0,1Hz,0.4038543891397916,0.969269980246748,0.883524137110953,0.4758415865186935,0.969269980246748
Subject3,F1_B0,1Hz,0.47901905489992114,1.1213600761070721,1.0366751956359395,0.5637888475320711,1.1213600761070721
Subject3,F1_B0,1.5Hz,0.09791986796325088,0.20504103208393154,0.22425396455895713,0.07204428311400118,0.22425396455895713
Subject3,F1_B0,1.5Hz,0.20464169960752132,0.3991292210423929,0.4021279143898321,0.14584682491347462,0.4021279143898321
Subject3,F1_B0,1.5Hz,0.28213070944677654,0.6121610303351783,0.6066332139242046,0.21788894821439686,0.6066332139242046
Subject3,F1_B0,1.5Hz,0.35728576006536844,0.7324651088914871,0.8631199163244201,0.32412648655399545,0.8631199163244201
Subject3,F1_B0,1.5Hz,0.407987218602946,0.9077167295086868,1.0146867346654482,0.4296033955585624,1.0146867346654482
Subject3,F1_B0,1.5Hz,0.45026676693823864,1.0654336320456506,1.2029082984241497,0.5221266257507252,1.2029082984241497
Subject3,F1_B0,2.5Hz,0.06499297830541625,0.1647852500715432,0.175961310136047,0.07257477482625455,0.07257477482625455
Subject3,F1_B0,2.5Hz,0.12605040530076644,0.27904437860906683,0.3561424338392045,0.18996712915155295,0.18996712915155295
Subject3,F1_B0,2.5Hz,0.20072076531414035,0.43307863763010435,0.5162024011435546,0.29258136998484063,0.29258136998484063
Subject3,F1_B0,2.5Hz,0.275914346884934,0.5774495872296566,0.7268896807762374,0.3801507110665883,0.3801507110665883
Subject3,F1_B0,2.5Hz,0.3486391436904696,0.7161340298389675,0.8418920439823212,0.5050450904396632,0.5050450904396632
Subject3,F1_B0,2.5Hz,0.3920667166402797,0.8854984544715074,1.0328512897386841,0.6021412718461038,0.6021412718461038
Subject4,F1_B0,0.5Hz,0.12104429349882546,0.23938712869265982,0.1359462275972903,0.06124867300956021,0.12104429349882546
Subject4,F1_B0,0.5Hz,0.22279853735582084,0.4249080377344693,0.3267362318192813,0.1420811477864941,0.22279853735582084
Subject4,F1_B0,0.5Hz,0.2880545883018635,0.6726220245265838,0.5079285720376125,0.19994247995877368,0.2880545883018635
Subject4,F1_B0,0.5Hz,0.3948986602664329,0.9019609232975789,0.6648636445970275,0.2765825153499632,0.3948986602664329
Subject4,F1_B0,0.5Hz,0.5208493053741751,1.0907117444593266,0.8397065368532657,0.3251004876653578,0.5208493053741751
Subject4,F1_B0,0.5Hz,0.6390504196410459,1.229494946385964,1.076855950571785,0.37644940963180307,0.6390504196410459
Subject4,F1_B0,1Hz,0.17804078594473652,0.2699013436551729,0.12277149432240225,0.07301567827293332,0.2699013436551729
Subject4,F1_B0,1Hz,0.26955719723230903,0.6234941243799785,0.2269681931637757,0.12453135131138765,0.6234941243799785
Subject4,F1_B0,1Hz,0.4457625464203039,0.8426568245339832,0.4127050146909754,0.21223895709915055,0.8426568245339832
Subject4,F1_B0,1Hz,0.51992480051294,1.1165132875807704,0.6543996641059171,0.28869518650122594,1.1165132875807704
Subject4,F1_B0,1Hz,0.6067045073718002,1.3824876812963467,0.7876412022518872,0.34145662328868087,1.3824876812963467
Subject4,F1_B0,1Hz,0.6731544033933685,1.6456927249013933,0.9536842322756922,0.41395237905921634,1.6456927249013933
Subject4,F1_B0,1.5Hz,0.06839480338492851,0.17832458600052092,0.21439746029147583,0.07551707511946508,0.21439746029147583
Subject4,F1_B0,1.5Hz,0.13148431703117117,0.3938753323646024,0.3980196536971985,0.1480335177379252,0.3980196536971985
Subject4,F1_B0,1.5Hz,0.19349123646156638,0.5550327584332607,0.6287831333176126,0.24039872809775487,0.6287831333176126
Subject4,F1_B0,1.5Hz,0.30891920964106057,0.7588648632907382,0.8264560855810408,0.28769838032706063,0.8264560855810408
Subject4,F1_B0,1.5Hz,0.4893411549850212,0.950728041957466,0.9946194113733366,0.34961467463733736,0.9946194113733366
Subject4,F1_B0,1.5Hz,0.5662543297737656,1.2177518458426686,1.1678895967294982,0.41404748404017766,1.1678895967294982
Subject4,F1_B0,2.5Hz,0.12657741202841577,0.23518215699184492,0.18219552596065428,0.07502171340853525,0.07502171340853525
Subject4,F1_B0,2.5Hz,0.2590480255556552,0.49094236015307113,0.3460920812173677,0.16048262970531105,0.16048262970531105
Subject4,F1_B0,2.5Hz,0.3515303976342911,0.7237414348862774,0.5351765533721995,0.231738951280254,0.231738951280254
Subject4,F1_B0,2.5Hz,0.48891365767870926,0.9265829754454153,0.7027998844724366,0.2881261903981331,0.2881261903981331
Subject4,F1_B0,2.5Hz,0.5700146829538393,1.1085258806078955,0.921518079644083,0.40457968005679357,0.40457968005679357
Subject4,F1_B0,2.5Hz,0.6335222959327784,1.2790335870895027,1.1124065493738893,0.5014673147676643,0.5014673147676643
Subject5,F1_B0,0.5Hz,0.1560392537075335,0.1615491570575476,0.110800660670968,0.06951885108683739,0.1560392537075335
Subject5,F1_B0,0.5Hz,0.3489849797083826,0.3449812309796061,0.29720057270437916,0.10744135490985825,0.3489849797083826
Subject5,F1_B0,0.5Hz,0.5647683254393949,0.5469171910803285,0.43806340753441136,0.16752444844369332,0.5647683254393949
Subject5,F1_B0,0.5Hz,0.8160054628936291,0.7273291043713636,0.5314560494599967,0.2499790699577275,0.8160054628936291
Subject5,F1_B0,0.5Hz,1.0321011989913653,0.9744414713290623,0.6523897043547625,0.3293091011906478,1.0321011989913653
Subject5,F1_B0,0.5Hz,1.2467519602153814,1.1900489617551473,0.7565862020252817,0.3701112305311998,1.2467519602153814
Subject5,F1_B0,1Hz,0.15985490297110194,0.2810558197308689,0.13560820468011725,0.048233649348962716,0.2810558197308689
Subject5,F1_B0,1Hz,0.3151225374848498,0.5155684522980184,0.2717312827596267,0.09714871711015974,0.5155684522980184
Subject5,F1_B0,1Hz,0.4727327215263938,0.8382763034804158,0.3739282454329787,0.15487271072765071,0.8382763034804158
Subject5,F1_B0,1Hz,0.6754141221189685,1.0806955994823353,0.49927172368473594,0.2354684249674783,1.0806955994823353
Subject5,F1_B0,1Hz,0.8124928436002853,1.2870952579304646,0.6127223284968731,0.31265108104064276,1.2870952579304646
Subject5,F1_B0,1Hz,0.8963680863303102,1.5513837776818689,0.8035418613932319,0.3571244976212069,1.5513837776818689
Subject5,F1_B0,1.5Hz,0.13600566644387446,0.15748037522210306,0.21806063776511572,0.046983796206502476,0.21806063776511572
Subject5,F1_B0,1.5Hz,0.2738701898787423,0.5235213719370284,0.3282214936631782,0.11254775019281721,0.3282214936631782
Subject5,F1_B0,1.5Hz,0.39600483813962856,0.7862528852309844,0.4208757580876681,0.21024911945460503,0.4208757580876681
Subject5,F1_B0,1.5Hz,0.629512031523237,1.0475467709477702,0.5520899176691549,0.2591463494129377,0.5520899176691549
Subject5,F1_B0,1.5Hz,0.7542548397645272,1.3282715986111728,0.7578379339182175,0.30248485701888805,0.7578379339182175
Subject5,F1_B0,1.5Hz,0.8810670417795767,1.5759941266321966,0.9666064422402658,0.3650926803680289,0.9666064422402658
Subject5,F1_B0,2.5Hz,0.16993388651841962,0.1977421540296106,0.1081539211596,0.11426879136328057,0.11426879136328057
Subject5,F1_B0,2.5Hz,0.3573795214006577,0.4531019125684594,0.2197279273694991,0.1754244547589713,0.1754244547589713
Subject5,F1_B0,2.5Hz,0.5186739454860414,0.6877620077099628,0.31013357891941756,0.2721897893071683,0.2721897893071683
Subject5,F1_B0,2.5Hz,0.7285564698922089,0.8527303556228731,0.45886101740248975,0.3651804466000438,0.3651804466000438
Subject5,F1_B0,2.5Hz,0.8884966139801005,1.0229331998103444,0.6442180863403988,0.45545047531632005,0.45545047531632005
Subject5,F1_B0,2.5Hz,1.0445185283940661,1.2964331666789752,0.778377898547202,0.5287435003167137,0.5287435003167137
Subject6,F1_B0,0.5Hz,0.24285528339116597,0.25225573065747575,0.13624534213025183,0.06819248164715198,0.24285528339116597
Subject6,F1_B0,0.5Hz,0.41082982235806936,0.4910945303625982,0.3261287919474324,0.11032004545960361,0.41082982235806936
Subject6,F1_B0,0.5Hz,0.5743443699449007,0.6821859366349662,0.47990590746714934,0.1732122056520881,0.5743443699449007
Subject6,F1_B0,0.5Hz,0.7426388148737868,0.9160202559015778,0.6598621031438073,0.24917507044858572,0.7426388148737868
Subject6,F1_B0,0.5Hz,0.8835190469371363,1.1318406033908452,0.8126952167697289,0.2963396973309825,0.8835190469371363
Subject6,F1_B0,0.5Hz,1.0900572824687025,1.3610612233717412,0.9144586474117451,0.38290911146127604,1.0900572824687025
Subject6,F1_B0,1Hz,0.2086905951216517,0.21464813892035367,0.1238627270727757,0.054470751724209406,0.21464813892035367
Subject6,F1_B0,1Hz,0.43639854180949567,0.5663311007211057,0.2243606832833825,0.10029270178879328,0.5663311007211057
Subject6,F1_B0,1Hz,0.5591528752597316,0.8593992545287317,0.3928156715884459,0.1513132853233985,0.8593992545287317
Subject6,F1_B0,1Hz,0.6877265081567295,1.190425379087992,0.5635349509499572,0.19099229303315368,1.190425379087992
Subject6,F1_B0,1Hz,0.8148326075395758,1.430965401220573,0.6704498603358018,0.25641887794707596,1.430965401220573
Subject6,F1_B0,1Hz,1.0149670042088321,1.7232106704240029,0.7730002023900036,0.2982818604394317,1.7232106704240029
Subject6,F1_B0,1.5Hz,0.20252365459112118,0.21409476532961336,0.18826555814970838,0.04298863714593961,0.18826555814970838
Subject6,F1_B0,1.5Hz,0.36805904900040665,0.46583163797174293,0.30345737395126554,0.08862673872482175,0.30345737395126554
Subject6,F1_B0,1.5Hz,0.46329714869770955,0.7890275117689178,0.5090710550510393,0.13802379985208996,0.5090710550510393
Subject6,F1_B0,1.5Hz,0.6919679052601642,1.0167243627991591,0.6137842936818435,0.17836841513712637,0.6137842936818435
Subject6,F1_B0,1.5Hz,0.8593049393829043,1.2844197773709687,0.7352819393162137,0.22153031745723037,0.7352819393162137
Subject6,F1_B0,1.5Hz,0.979829240408916,1.550393102796616,0.9714796301271414,0.2690188493541902,0.9714796301271414
Subject6,F1_B0,2.5Hz,0.12951226594533924,0.15206541869496631,0.08185154507128235,0.22941042336472517,0.22941042336472517
Subject6,F1_B0,2.5Hz,0.3329528424889089,0.36093140849249883,0.2090129178082618,0.3487445138723628,0.3487445138723628
Subject6,F1_B0,2.5Hz,0.5499526039272506,0.6704614073915993,0.29430116877249446,0.42797286599351825,0.42797286599351825
Subject6,F1_B0,2.5Hz,0.7671011744424462,0.9196531842396071,0.38809998883806196,0.5001084275517872,0.5001084275517872
Subject6,F1_B0,2.5Hz,0.9133538686985868,1.143305069980101,0.5459371123778162,0.5832433936567917,0.5832433936567917
Subject6,F1_B0,2.5Hz,0.9824362795372769,1.3407478637487158,0.7457499268482264,0.7001538370593565,0.7001538370593565
Subject7,F1_B0,0.5Hz,0.16340841831177969,0.09431792274636448,0.11985065745628593,0.049139523753202276,0.16340841831177969
Subject7,F1_B0,0.5Hz,0.19825861752575039,0.22946021951611417,0.37327506412274847,0.13900375355696132,0.19825861752575039
Subject7,F1_B0,0.5Hz,0.2867169629364653,0.3837253797474526,0.620409641524959,0.20049286087100998,0.2867169629364653
Subject7,F1_B0,0.5Hz,0.32813960598499836,0.5596162989158773,0.8074950630806554,0.28310966944349514,0.32813960598499836
Subject7,F1_B0,0.5Hz,0.40713233771270463,0.681158193192001,1.043223914387797,0.3577539156573425,0.40713233771270463
Subject7,F1_B0,0.5Hz,0.5044896882455426,0.8072102996331679,1.2282286286569573,0.4593148905755766,0.5044896882455426
Subject7,F1_B0,1Hz,0.08073028110090963,0.24055876333318554,0.20027592615219292,0.050483722309701114,0.24055876333318554
Subject7,F1_B0,1Hz,0.19368499241558004,0.4694171385740399,0.3993543086722898,0.11615158377919893,0.4694171385740399
Subject7,F1_B0,1Hz,0.31053385731554606,0.7810706049146079,0.5409136826122521,0.1641262445813678,0.7810706049146079
Subject7,F1_B0,1Hz,0.3414208574815812,0.946889013657784,0.744617451654124,0.27902988021195163,0.946889013657784
Subject7,F1_B0,1Hz,0.38693868630511974,1.0673350332762828,0.8865408826108153,0.41945213773169,1.0673350332762828
Subject7,F1_B0,1Hz,0.4298675605168373,1.2159428864913169,1.0890598318787246,0.507413425884823,1.2159428864913169
Subject7,F1_B0,1.5Hz,0.06141502599064097,0.1747502121183898,0.17447651398038017,0.08412071571581835,0.17447651398038017
Subject7,F1_B0,1.5Hz,0.1749322520477879,0.3573254465321496,0.4412734159070048,0.13718115329818492,0.4412734159070048
Subject7,F1_B0,1.5Hz,0.23385863785403593,0.5507294469051762,0.6773990798457881,0.1968297496916037,0.6773990798457881
Subject7,F1_B0,1.5Hz,0.26960710014562017,0.8176709873218331,0.9854293343952941,0.2739869082976946,0.9854293343952941
Subject7,F1_B0,1.5Hz,0.33215594240789664,0.9237944225695001,1.2331884168752907,0.3691611789926135,1.2331884168752907
Subject7,F1_B0,1.5Hz,0.35601968948165275,1.0493099873641873,1.4888233565436495,0.4810305291521884,1.4888233565436495
Subject7,F1_B0,2.5Hz,0.13238286795869286,0.17238348540268397,0.17097513837709793,0.11934487205689545,0.11934487205689545
Subject7,F1_B0,2.5Hz,0.2510674708917397,0.2950353243574247,0.3426970083741711,0.19503446095079147,0.19503446095079147
Subject7,F1_B0,2.5Hz,0.3237779065460268,0.4828162373323168,0.4987994295707866,0.33923306223999916,0.33923306223999916
Subject7,F1_B0,2.5Hz,0.35478246776972355,0.615307720615605,0.7123657629136668,0.4352850160700638,0.4352850160700638
Subject7,F1_B0,2.5Hz,0.3999569128964221,0.7388211046989627,0.9339109414404726,0.513547080817647,0.513547080817647
Subject7,F1_B0,2.5Hz,0.45026289398605435,0.9530375467626261,1.1209231709893337,0.6081831503609436,0.6081831503609436
Subject1,F0_B1,0.5Hz,0.07644296528112138,0.2505706699661245,0.1641827915710322,0.10333292861640711,0.07644296528112138
Subject1,F0_B1,0.5Hz,0.18661601760403812,0.4826154788964999,0.35030803345891764,0.16340242495217308,0.18661601760403812
Subject1,F0_B1,0.5Hz,0.30996946182732565,0.768975728512161,0.49775301964555263,0.24706137243209042,0.30996946182732565
Subject1,F0_B1,0.5Hz,0.5366615019615958,1.1141605986851235,0.554552010849278,0.2668326468247597,0.5366615019615958
Subject1,F0_B1,0.5Hz,0.7888010784770909,1.3152566768426581,0.6760515563544347,0.33285738160243444,0.7888010784770909
Subject1,F0_B1,0.5Hz,1.0741124851065558,1.4732757894079787,0.8220063497409689,0.3720302006137855,1.0741124851065558
Subject1,F0_B1,1Hz,0.15466783919531044,0.2419416424731171,0.1265377921513517,0.03652752492214721,0.2419416424731171
Subject1,F0_B1,1Hz,0.28971789405253373,0.5466326658097446,0.2545066717338333,0.07644588475148209,0.5466326658097446
Subject1,F0_B1,1Hz,0.3841160857833096,0.8168864677146932,0.4097106319023356,0.11027425030977106,0.8168864677146932
Subject1,F0_B1,1Hz,0.5240637075894456,1.2675326724233327,0.48823794998915526,0.1672615753256644,1.2675326724233327
Subject1,F0_B1,1Hz,0.6111967590937539,1.570757643717686,0.754661597919609,0.19273014405925215,1.570757643717686
Subject1,F0_B1,1Hz,0.7238442125858625,2.008858945819732,0.8600053357800304,0.2364067297899832,2.008858945819732
Subject1,F0_B1,1.5Hz,0.028528141596483498,0.03830906528527844,0.2039654205415135,0.16748942909512557,0.2039654205415135
Subject1,F0_B1,1.5Hz,0.13507438403616037,0.13562344220138173,0.42905377934727545,0.23091904747140368,0.42905377934727545
Subject1,F0_B1,1.5Hz,0.17936039001443452,0.2732822284067915,0.5711495330918666,0.2848319412322235,0.5711495330918666
Subject1,F0_B1,1.5Hz,0.21171533503981446,0.3544062601678083,0.710039478056667,0.5145719170043649,0.710039478056667
Subject1,F0_B1,1.5Hz,0.22879240031129988,0.3761701943350317,0.8177616486396654,0.7923260044811915,0.8177616486396654
Subject1,F0_B1,1.5Hz,0.3298265470595809,0.48996225198603005,1.0734856533372812,0.8518699833540458,1.0734856533372812
Subject1,F0_B1,2.5Hz,0.019679322388668416,0.10780848995112219,0.2376195842727341,0.06597247081992678,0.06597247081992678
Subject1,F0_B1,2.5Hz,0.0975555310856394,0.24170067442071272,0.4295994825858872,0.20279917114346319,0.20279917114346319
Subject1,F0_B1,2.5Hz,0.1395601918314936,0.3128359748846769,0.6114786847112064,0.3666108098903875,0.3666108098903875
Subject1,F0_B1,2.5Hz,0.1645456423100282,0.4607451260706489,0.8049899580737886,0.535444959941791,0.535444959941791
Subject1,F0_B1,2.5Hz,0.19128180134127393,0.4897210110621045,0.8617205389111697,0.7323902374129191,0.7323902374129191
Subject1,F0_B1,2.5Hz,0.2154235204224194,0.5392214223645198,1.0066185656842523,0.9242586088764574,0.9242586088764574
Subject2,F0_B1,0.5Hz,0.16699791406066916,0.17441139240880268,0.10393400569436757,0.05098339941945723,0.16699791406066916
Subject2,F0_B1,0.5Hz,0.3937275965280761,0.3964666228705411,0.24414890418753343,0.08509914667777944,0.3937275965280761
Subject2,F0_B1,0.5Hz,0.6915886305852497,0.6371565603974845,0.41074249864844403,0.1292624147075913,0.6915886305852497
Subject2,F0_B1,0.5Hz,0.9161505434277427,0.8191495837960335,0.5350010531164827,0.1739413837953051,0.9161505434277427
Subject2,F0_B1,0.5Hz,1.272918089135946,1.019369607444335,0.6252073146033716,0.20724264972264117,1.272918089135946
Subject2,F0_B1,0.5Hz,1.5017584652853555,1.3054779655327327,0.7227711189295407,0.2541707731352999,1.5017584652853555
Subject2,F0_B1,1Hz,0.06626388034865714,0.2600280566259263,0.23666614532568528,0.08192674433398336,0.2600280566259263
Subject2,F0_B1,1Hz,0.18716755680428937,0.526763244544779,0.39953191765331036,0.1342011349655387,0.526763244544779
Subject2,F0_B1,1Hz,0.3056873232350043,0.7367336181669513,0.5025668156850531,0.23270700231827687,0.7367336181669513
Subject2,F0_B1,1Hz,0.45218224602241386,1.0334005233008692,0.6423569995691336,0.27952165816918867,1.0334005233008692
Subject2,F0_B1,1Hz,0.583069707287405,1.2966621891410473,0.750713950233465,0.3086101241473515,1.2966621891410473
Subject2,F0_B1,1Hz,0.7094621652651396,1.6977060077105735,0.8649879932344245,0.33988849191056714,1.6977060077105735
Subject2,F0_B1,1.5Hz,0.08876683421970087,0.1325593099226788,0.23811883947381227,0.09271313587654693,0.23811883947381227
Subject2,F0_B1,1.5Hz,0.30596831593655494,0.25109120026969,0.4317400027892431,0.14617366754285216,0.4317400027892431
Subject2,F0_B1,1.5Hz,0.3869155453513087,0.3613122139886538,0.6849630571978427,0.23165082868472345,0.6849630571978427
Subject2,F0_B1,1.5Hz,0.5405240314147345,0.4748130279287557,0.9132578631844952,0.2887966812009672,0.9132578631844952
Subject2,F0_B1,1.5Hz,0.7298754536295128,0.6258393800988328,1.078804329517801,0.31882568300993874,1.078804329517801
Subject2,F0_B1,1.5Hz,0.9277347763597211,0.8008460192126557,1.2866109192772326,0.36908060052097674,1.2866109192772326
Subject2,F0_B1,2.5Hz,0.07153707213208957,0.09053222437329853,0.07577843637767664,0.29487503282249317,0.29487503282249317
Subject2,F0_B1,2.5Hz,0.10118684901120867,0.20071581363208085,0.261585835845477,0.48238459875443157,0.48238459875443157
Subject2,F0_B1,2.5Hz,0.20866843988173903,0.3686190736076611,0.37888002238591634,0.5772723502727148,0.5772723502727148
Subject2,F0_B1,2.5Hz,0.3384753562020091,0.49672612415399375,0.46963263955491585,0.7361428980417971,0.7361428980417971
Subject2,F0_B1,2.5Hz,0.4401876580277564,0.6495375350050026,0.5279742886641369,0.8574412971887595,0.8574412971887595
Subject2,F0_B1,2.5Hz,0.49402238639787893,0.7266989805437687,0.6991044640306212,0.9921690467149935,0.9921690467149935
Subject3,F0_B1,0.5Hz,0.2167067388582013,0.15867921490834846,0.10263653878909114,0.06218527520707828,0.2167067388582013
Subject3,F0_B1,0.5Hz,0.4137473971933464,0.4320544969425833,0.26309461023762776,0.11847299115602103,0.4137473971933464
Subject3,F0_B1,0.5Hz,0.6505160962981142,0.5559118795260255,0.34959843717800304,0.16413092218350833,0.6505160962981142
Subject3,F0_B1,0.5Hz,0.9891440137348055,0.7594205381948669,0.4297967616928116,0.19210836429507974,0.9891440137348055
Subject3,F0_B1,0.5Hz,1.3586426608348532,0.9910826784091826,0.524213490956338,0.22503683906551503,1.3586426608348532
Subject3,F0_B1,0.5Hz,1.6245337984037607,1.1706308800144767,0.6145702126590509,0.268024824058124,1.6245337984037607
Subject3,F0_B1,1Hz,0.09307384379875458,0.23443658060441497,0.17370889478135185,0.04211583257882169,0.23443658060441497
Subject3,F0_B1,1Hz,0.34698462078766024,0.49218319710154784,0.28619261099996984,0.07061123725708313,0.49218319710154784
Subject3,F0_B1,1Hz,0.7415085168870756,0.6826481782241913,0.38494207229146177,0.11218307545076511,0.6826481782241913
Subject3,F0_B1,1Hz,0.9372493300738821,0.9565999148462321,0.5900310621731584,0.13114616707110258,0.9565999148462321
Subject3,F0_B1,1Hz,1.0931976451909877,1.2069149527520309,0.757456291229622,0.19024870881448494,1.2069149527520309
Subject3,F0_B1,1Hz,1.290212044531478,1.4425939281500038,0.8935061219055364,0.24065100475579956,1.4425939281500038
Subject3,F0_B1,1.5Hz,0.03936406218234261,0.3354442296088183,0.2673771867790368,0.04105959481722623,0.2673771867790368
Subject3,F0_B1,1.5Hz,0.1417096019223643,0.5296553520157603,0.568843789527552,0.08503268741381641,0.568843789527552
Subject3,F0_B1,1.5Hz,0.17052670116937835,0.8544080720545091,0.9036117949312449,0.09998884254558647,0.9036117949312449
Subject3,F0_B1,1.5Hz,0.1870073400401782,0.9192705331051976,1.2269953928150696,0.12944990685675126,1.2269953928150696
Subject3,F0_B1,1.5Hz,0.1971261593871393,1.0674147358034138,1.5343801570941493,0.26629977649936143,1.5343801570941493
Subject3,F0_B1,1.5Hz,0.24004067977456758,1.1824562321971492,2.050477411718026,0.28734561347972964,2.050477411718026
Subject3,F0_B1,2.5Hz,0.08685294023911506,0.08297293129221682,0.19706634918725424,0.08935524546510616,0.08935524546510616
Subject3,F0_B1,2.5Hz,0.11463688405851526,0.23859610421613042,0.7249770427886739,0.11325287791570879,0.11325287791570879
Subject3,F0_B1,2.5Hz,0.135680949360472,0.33157709748213265,0.9660815160463418,0.1889939793677068,0.1889939793677068
Subject3,F0_B1,2.5Hz,0.18816497433776203,0.4032251382701547,1.1450896891316642,0.3278143204381925,0.3278143204381925
Subject3,F0_B1,2.5Hz,0.2000048924321542,0.4341571668326387,1.3010193800221144,0.4095313096548218,0.4095313096548218
Subject3,F0_B1,2.5Hz,0.2049739509157997,0.44838848886106186,1.652696403579573,0.4697365445229576,0.4697365445229576
Subject4,F0_B1,0.5Hz,0.1825300972699008,0.12225920908332268,0.060992295187738285,0.027668915505542162,0.1825300972699008
Subject4,F0_B1,0.5Hz,0.38031669234272547,0.3302923144625012,0.15431629325938634,0.09965671244540214,0.38031669234272547
Subject4,F0_B1,0.5Hz,0.4910309180373753,0.60325547430734,0.2882935889168973,0.1884635147435949,0.4910309180373753
Subject4,F0_B1,0.5Hz,0.7170008872195438,0.8186526501354935,0.3721464538941278,0.24403150117164912,0.7170008872195438
Subject4,F0_B1,0.5Hz,0.9844950767605647,1.114578658645992,0.48386534772379797,0.2992635409817026,0.9844950767605647
Subject4,F0_B1,0.5Hz,1.2004515134233795,1.3028280221328146,0.6224989463761263,0.333948452723958,1.2004515134233795
Subject4,F0_B1,1Hz,0.04834412442287,0.42271757682566574,0.13968972131510884,0.05410537044051873,0.42271757682566574
Subject4,F0_B1,1Hz,0.17862359141385314,0.7837327431963741,0.28890331651754747,0.10451991915078498,0.7837327431963741
Subject4,F0_B1,1Hz,0.3073291053010947,1.1920587833282046,0.37074122120301545,0.13401841991139568,1.1920587833282046
Subject4,F0_B1,1Hz,0.4950272811536861,1.5042085938233345,0.5402145270543524,0.17873907809267514,1.5042085938233345
Subject4,F0_B1,1Hz,0.6688203045783239,1.682525671642061,0.6956371291277385,0.23435623651251644,1.682525671642061
Subject4,F0_B1,1Hz,0.9192610753947448,1.8650569842722953,0.805656638901135,0.3052449513564317,1.8650569842722953
Subject4,F0_B1,1.5Hz,0.032815851766727494,0.21600515765003592,0.141463150239982,0.12074958714606965,0.141463150239982
Subject4,F0_B1,1.5Hz,0.05618310343035608,0.43504322937292184,0.3623818009114753,0.17664740337619497,0.3623818009114753
Subject4,F0_B1,1.5Hz,0.08670050193533199,0.8269733838750277,0.4895275731164782,0.23094555316593537,0.4895275731164782
Subject4,F0_B1,1.5Hz,0.11632340343918385,0.9203288541007788,0.8249454846870536,0.2905956607128968,0.8249454846870536
Subject4,F0_B1,1.5Hz,0.2922385296206814,1.2564431037276838,0.9444379256568255,0.3512957515706292,0.9444379256568255
Subject4,F0_B1,1.5Hz,0.3143766209451939,1.5542190973095364,1.2213321328549571,0.39145493854431196,1.2213321328549571
Subject4,F0_B1,2.5Hz,0.009144681520584803,0.04674651131081386,0.26190714496996903,0.1663189976684561,0.1663189976684561
Subject4,F0_B1,2.5Hz,0.04719312061686469,0.17451781612529013,0.43565511086328934,0.22761677480677642,0.22761677480677642
Subject4,F0_B1,2.5Hz,0.05507345177804966,0.23704442385418656,0.6622439615800215,0.33712423992428686,0.33712423992428686
Subject4,F0_B1,2.5Hz,0.06269100801693896,0.26177007937892494,1.01204278275337,0.47533263426573413,0.47533263426573413
Subject4,F0_B1,2.5Hz,0.06866830748058825,0.2757325860187043,1.1526462304765943,0.7709036379584446,0.7709036379584446
Subject4,F0_B1,2.5Hz,0.08356263749446617,0.3056817689459336,1.325024907483961,1.010008952893489,1.010008952893489
Subject5,F0_B1,0.5Hz,0.12405146842868928,0.26028413641437453,0.111248127296476,0.10264418828142717,0.12405146842868928
Subject5,F0_B1,0.5Hz,0.3200520317391987,0.49900335486243286,0.20895392836968424,0.1850935038858894,0.3200520317391987
Subject5,F0_B1,0.5Hz,0.4312456570730978,0.7463706437274118,0.3943868056494959,0.25679682812395904,0.4312456570730978
Subject5,F0_B1,0.5Hz,0.546855400636601,0.9584581467134801,0.5335389025410431,0.31846283666682984,0.546855400636601
Subject5,F0_B1,0.5Hz,0.6148770766041568,1.125674006373963,0.7837182471066141,0.39527181252735755,0.6148770766041568
Subject5,F0_B1,0.5Hz,0.6744419171894562,1.2591456914088794,0.9164040705789487,0.546039520248114,0.6744419171894562
Subject5,F0_B1,1Hz,0.030158290394270666,0.21315398198906518,0.26564587172480136,0.041586449834520874,0.21315398198906518
Subject5,F0_B1,1Hz,0.12495248121256414,0.48267898391077224,0.4750461967902113,0.13287208899662645,0.48267898391077224
Subject5,F0_B1,1Hz,0.15846197821538158,0.7652885245772872,0.8258531402767479,0.1523054387707094,0.7652885245772872
Subject5,F0_B1,1Hz,0.18053830788100386,1.073243976480604,1.030201259854361,0.2575607712115902,1.073243976480604
Subject5,F0_B1,1Hz,0.25247003721361505,1.3314956013139048,1.2169959434375535,0.3091298299231274,1.3314956013139048
Subject5,F0_B1,1Hz,0.27890142555408487,1.6445166924615278,1.3733599106319778,0.3648060308912931,1.6445166924615278
Subject5,F0_B1,1.5Hz,0.03440757197411144,0.16313624613462593,0.2433033658358447,0.18465302853281665,0.2433033658358447
Subject5,F0_B1,1.5Hz,0.1468390271510283,0.41395858997282475,0.3829073764622587,0.27212775100945863,0.3829073764622587
Subject5,F0_B1,1.5Hz,0.19717314785990814,0.5899297065311688,0.7646644724160343,0.3185481677078819,0.7646644724160343
Subject5,F0_B1,1.5Hz,0.21902422437244545,0.754763485452123,0.9895734184715113,0.3840736746774004,0.9895734184715113
Subject5,F0_B1,1.5Hz,0.2903029829528159,0.9936339251134976,1.2277711738898973,0.47505727196326475,1.2277711738898973
Subject5,F0_B1,1.5Hz,0.3313126883858099,1.1555669556327008,1.59312997940608,0.5128871604923491,1.59312997940608
Subject5,F0_B1,2.5Hz,0.026735330278986124,0.020351738284977033,0.024121580953214084,0.13704489984171234,0.13704489984171234
Subject5,F0_B1,2.5Hz,0.12264179868638561,0.11973677701174046,0.13255518811613348,0.3016816340923182,0.3016816340923182
Subject5,F0_B1,2.5Hz,0.1866442088843961,0.16972312605090892,0.18221600439229274,0.4610655766849321,0.4610655766849321
Subject5,F0_B1,2.5Hz,0.262170761373385,0.305729414492295,0.47301839708001003,0.569247257910131,0.569247257910131
Subject5,F0_B1,2.5Hz,0.3046670423970817,0.4451199984270606,0.6992554594911735,0.6342794043049365,0.6342794043049365
Subject5,F0_B1,2.5Hz,0.3434118315520523,0.5266605059176834,0.9300534277210312,0.7111222494837908,0.7111222494837908
Subject6,F0_B1,0.5Hz,0.11966998814016516,0.11241259107465564,0.22773806124549445,0.08414932666739228,0.11966998814016516
Subject6,F0_B1,0.5Hz,0.23046072741112736,0.20916407560066158,0.31470492012349005,0.1888352268112149,0.23046072741112736
Subject6,F0_B1,0.5Hz,0.3548680004320713,0.39221429860169926,0.4204360873078998,0.2815272352195942,0.3548680004320713
Subject6,F0_B1,0.5Hz,0.506164668355378,0.5402289797453013,0.570990339374203,0.33260345809630226,0.506164668355378
Subject6,F0_B1,0.5Hz,0.677290034249554,0.6845905808682814,0.681524357975163,0.3872284630255923,0.677290034249554
Subject6,F0_B1,0.5Hz,0.8032163584754317,0.8970181460280782,0.7769907442306114,0.4828707221597814,0.8032163584754317
Subject6,F0_B1,1Hz,0.043365758863792514,0.15190649273531984,0.3418573700162872,0.036684149547880386,0.15190649273531984
Subject6,F0_B1,1Hz,0.08938397731886641,0.4578075123175033,0.4974062874429199,0.1147020082376573,0.4578075123175033
Subject6,F0_B1,1Hz,0.15751321410949304,0.6545397742948345,0.7419165585373397,0.15624932966494948,0.6545397742948345
Subject6,F0_B1,1Hz,0.2629398004808272,0.8722298433366316,0.8598483916751174,0.21369201194420043,0.8722298433366316
Subject6,F0_B1,1Hz,0.3456388954735028,0.9506439357059229,0.9399700236914399,0.24334873807610957,0.9506439357059229
Subject6,F0_B1,1Hz,0.4283379904661783,1.0290580280752142,1.0200916557077624,0.2730054642080187,1.0290580280752142
Subject6,F0_B1,1.5Hz,0.02240502882780694,0.07090385864004209,0.5800873288779756,0.04209146027489131,0.5800873288779756
Subject6,F0_B1,1.5Hz,0.02977223136043175,0.16357258574667066,0.9519790715775603,0.07637988100734205,0.9519790715775603
Subject6,F0_B1,1.5Hz,0.05051020201729617,0.25949401955870044,1.2049489092080088,0.1000660652594558,1.2049489092080088
Subject6,F0_B1,1.5Hz,0.10557304512370261,0.6674314287478168,1.3727166763067329,0.1371670023184745,1.3727166763067329
Subject6,F0_B1,1.5Hz,0.13030357146058621,1.2650340281369317,1.5920825079389198,0.15424650301849419,1.5920825079389198
Subject6,F0_B1,1.5Hz,0.19582885396638852,1.4833510287143652,1.765474972197676,0.18708418553676126,1.765474972197676
Subject6,F0_B1,2.5Hz,0.02419967760726264,0.03597754249390198,0.07767593159684412,0.22796729768939605,0.22796729768939605
Subject6,F0_B1,2.5Hz,0.053801538552605443,0.08343207160813178,0.24855508569480955,0.4311182184893321,0.4311182184893321
Subject6,F0_B1,2.5Hz,0.09727161560623501,0.1345497133511953,0.4564331557137173,0.5446575640533822,0.5446575640533822
Subject6,F0_B1,2.5Hz,0.15811892043171688,0.23206034688831412,0.7612978347326654,0.5869802416045461,0.5869802416045461
Subject6,F0_B1,2.5Hz,0.24598791584545207,0.3322480495399194,0.9603546656133884,0.6866976628750239,0.6866976628750239
Subject6,F0_B1,2.5Hz,0.25876147472727223,0.3821071403868786,1.3668413398656194,0.7179173938258718,0.7179173938258718
Subject7,F0_B1,0.5Hz,0.16213844564937385,0.13076439441393728,0.23922042579180045,0.12124061506692874,0.16213844564937385
Subject7,F0_B1,0.5Hz,0.38251691823537604,0.3325168684562013,0.39061078598916377,0.18276323537814698,0.38251691823537604
Subject7,F0_B1,0.5Hz,0.5857674598955342,0.6080273243078177,0.5202070886326184,0.22694247601925474,0.5857674598955342
Subject7,F0_B1,0.5Hz,0.7336234988089616,0.850676263342711,0.6275365747395012,0.3019576407449012,0.7336234988089616
Subject7,F0_B1,0.5Hz,0.8963000851649912,1.0902875787981776,0.7671778274006251,0.3699400646542441,0.8963000851649912
Subject7,F0_B1,0.5Hz,0.9986170200480106,1.2983162238195833,0.9242472260564563,0.43891714184533914,0.9986170200480106
Subject7,F0_B1,1Hz,0.03635422724190003,0.4311146949733746,0.10912436761293245,0.06118678277013325,0.4311146949733746
Subject7,F0_B1,1Hz,0.08258808230083095,0.8358369117729082,0.24366868443629164,0.08833448689231917,0.8358369117729082
Subject7,F0_B1,1Hz,0.1328846131774306,1.260246883802845,0.3572734145354707,0.1470920346052963,1.260246883802845
Subject7,F0_B1,1Hz,0.22357214426534278,1.5953966583903032,0.5488004827094943,0.20100053465968742,1.5953966583903032
Subject7,F0_B1,1Hz,0.2985084386034981,1.778117995589265,0.7409136509744424,0.2907893330820583,1.778117995589265
Subject7,F0_B1,1Hz,0.37720752937366836,2.0272596329852393,0.9478270444465786,0.34564355396459145,2.0272596329852393
Subject7,F0_B1,1.5Hz,0.04455356201997097,0.40575182974106383,0.12017230211110008,0.04878046747027636,0.12017230211110008
Subject7,F0_B1,1.5Hz,0.12687709980005799,0.696201144440859,0.3578550938557032,0.09491227672280111,0.3578550938557032
Subject7,F0_B1,1.5Hz,0.25326859486654296,1.111059063930674,0.5203321801014459,0.13734988194218048,0.5203321801014459
Subject7,F0_B1,1.5Hz,0.2781396393908838,1.3201841748500336,0.7820193564932083,0.23585387489156107,0.7820193564932083
Subject7,F0_B1,1.5Hz,0.35368362178761387,1.6800253591667371,0.8895014487045115,0.31481549861014313,0.8895014487045115
Subject7,F0_B1,1.5Hz,0.5087984857352464,2.1091624347371276,0.9863580300110109,0.3794883392632438,0.9863580300110109
Subject7,F0_B1,2.5Hz,0.032463022782061444,0.16898864244565215,0.416648047157136,0.07538711286388015,0.07538711286388015
Subject7,F0_B1,2.5Hz,0.06655837797898279,0.5792780628647345,0.4963606188136005,0.13073664084433878,0.13073664084433878
Subject7,F0_B1,2.5Hz,0.08467487043844016,0.7319607731926758,0.7389669482424321,0.18403069883634027,0.18403069883634027
Subject7,F0_B1,2.5Hz,0.09231899366964595,0.7491724254272245,0.7716677864897286,0.3290679354664746,0.3290679354664746
Subject7,F0_B1,2.5Hz,0.10217488255996474,0.7655097040296992,0.9481065845917941,0.4136235971394508,0.4136235971394508
Subject7,F0_B1,2.5Hz,0.11265508509232632,0.7813976045839167,0.9968038488840832,0.5120951899609151,0.5120951899609151
Subject1,F1_B1,0.5Hz,0.18154793387053125,0.16420264641892637,0.15310673300043898,0.08381562632201954,0.18154793387053125
Subject1,F1_B1,0.5Hz,0.3735897240027548,0.29636073497659066,0.3361607221164716,0.14778970704048167,0.3735897240027548
Subject1,F1_B1,0.5Hz,0.540993264264112,0.4378381556095545,0.6201528592561681,0.18617787782293407,0.540993264264112
Subject1,F1_B1,0.5Hz,0.7073661786783532,0.5123818992843142,1.1194142509929537,0.21363351047947032,0.7073661786783532
Subject1,F1_B1,0.5Hz,0.9531261674571978,0.5894437745176602,1.5011557943101672,0.26756766943839916,0.9531261674571978
Subject1,F1_B1,0.5Hz,1.1355585311176783,0.6226857100704736,2.0200236827910363,0.2846190325145414,1.1355585311176783
Subject1,F1_B1,1Hz,0.0354402751280345,0.32230904010241707,0.11495744829180934,0.06610817363455905,0.32230904010241707
Subject1,F1_B1,1Hz,0.07634775415715514,0.7899359228134522,0.3176561158589395,0.09594692304771854,0.7899359228134522
Subject1,F1_B1,1Hz,0.11391457412161159,1.2376143956072498,0.5015375829539286,0.12524590986148149,1.2376143956072498
Subject1,F1_B1,1Hz,0.16412782905074214,1.5156348491497047,0.6540427796496159,0.18029865230921557,1.5156348491497047
Subject1,F1_B1,1Hz,0.24599232463779497,1.9879482092325529,0.7394551782851024,0.2258602009488937,1.9879482092325529
Subject1,F1_B1,1Hz,0.3031017900918867,2.412257043672037,0.8300903371946882,0.24193790237918272,2.412257043672037
Subject1,F1_B1,1.5Hz,0.016653685895143024,0.033945746809734924,0.08903463208863582,0.2679985475004056,0.08903463208863582
Subject1,F1_B1,1.5Hz,0.04385156847330028,0.14591089841754942,0.2720965058172907,0.487212041316498,0.2720965058172907
Subject1,F1_B1,1.5Hz,0.09353352848468827,0.2323590953067604,0.4815993419537553,0.6286947443575093,0.4815993419537553
Subject1,F1_B1,1.5Hz,0.15606942068152885,0.3301548254128917,0.7976194301828374,0.669645153277816,0.7976194301828374
Subject1,F1_B1,1.5Hz,0.2726795040948502,0.5125793459958348,1.1082122313232508,0.6987431478866697,1.1082122313232508
Subject1,F1_B1,1.5Hz,0.3640033681723462,0.6105388346482818,1.3449160523734096,0.7869194596041278,1.3449160523734096
Subject1,F1_B1,2.5Hz,0.014052879360774189,0.04488487506381697,0.15506832169604493,0.20330346057152482,0.20330346057152482
Subject1,F1_B1,2.5Hz,0.029458350393969653,0.07404490704079314,0.25062800628322235,0.42226606693531776,0.42226606693531776
Subject1,F1_B1,2.5Hz,0.066048147022725,0.17804512496530026,0.34682794829096797,0.52730367656297,0.52730367656297
Subject1,F1_B1,2.5Hz,0.09439516322502761,0.24745640210334835,0.4629256989949192,0.6939818775749188,0.6939818775749188
Subject1,F1_B1,2.5Hz,0.11500446966808198,0.2918703017670261,0.5582392744510005,0.9835754091857953,0.9835754091857953
Subject1,F1_B1,2.5Hz,0.15529108143872478,0.33612908814030595,0.6696835496730497,1.219316390037814,1.219316390037814
Subject2,F1_B1,0.5Hz,0.23663555343808348,0.0562103370445322,0.5614698885823008,0.0246316116161898,0.23663555343808348
Subject2,F1_B1,0.5Hz,0.5171862649955135,0.10194013743576898,1.0678415698586958,0.03805631218424417,0.5171862649955135
Subject2,F1_B1,0.5Hz,0.9882208353324944,0.17531591181110467,1.2470401349392817,0.06226759504957282,0.9882208353324944
Subject2,F1_B1,0.5Hz,1.3499605885148935,0.30374716487384845,1.431760580350854,0.08238748955850964,1.3499605885148935
Subject2,F1_B1,0.5Hz,1.814926594777275,0.4483994252425375,1.5665395367047505,0.11331827962215966,1.814926594777275
Subject2,F1_B1,0.5Hz,2.2390898752487653,0.554537805394177,1.790936288946483,0.1384635173110828,2.2390898752487653
Subject2,F1_B1,1Hz,0.03520044907690185,0.4579021801805406,0.09922808944783197,0.05798193774343687,0.4579021801805406
Subject2,F1_B1,1Hz,0.06552453891460454,0.9896874433407301,0.2130525290857292,0.1257674839114601,0.9896874433407301
Subject2,F1_B1,1Hz,0.11675197424780709,1.5829322309496736,0.2732937735530221,0.1804753090616015,1.5829322309496736
Subject2,F1_B1,1Hz,0.1957602058694757,1.9934506703704558,0.4029325379305168,0.21042757867368828,1.9934506703704558
Subject2,F1_B1,1Hz,0.2414473656126243,2.493913076086881,0.49288656738068626,0.25816454017984475,2.493913076086881
Subject2,F1_B1,1Hz,0.2676439664405183,2.8805129068582436,0.5809763980874042,0.30571149473331816,2.8805129068582436
Subject2,F1_B1,1.5Hz,0.13820253260617318,0.12186219629348206,0.2609110523305101,0.06325255094716849,0.2609110523305101
Subject2,F1_B1,1.5Hz,0.1960068405059146,0.22864624839950837,0.678931997392487,0.11568888405328795,0.678931997392487
Subject2,F1_B1,1.5Hz,0.2976761745326075,0.3600797088014704,0.9994654603730275,0.15212862231259777,0.9994654603730275
Subject2,F1_B1,1.5Hz,0.38380961189616436,0.46683287003565455,1.2524435344801368,0.22419246049604413,1.2524435344801368
Subject2,F1_B1,1.5Hz,0.5182168863381511,0.6295041642454866,1.5069019722773676,0.25914728235050843,1.5069019722773676
Subject2,F1_B1,1.5Hz,0.6109536434923183,0.7785562338515253,1.8228134504323976,0.32962365801200666,1.8228134504323976
Subject2,F1_B1,2.5Hz,0.09060988957118578,0.046910109234518896,0.11758622127383514,0.19857687039298333,0.19857687039298333
Subject2,F1_B1,2.5Hz,0.17763981839960108,0.12263227560097009,0.20549701937470377,0.39984063317244306,0.39984063317244306
Subject2,F1_B1,2.5Hz,0.24867139703698887,0.25684981961439357,0.35374209293243986,0.550286823725216,0.550286823725216
Subject2,F1_B1,2.5Hz,0.26949045714098097,0.2990687286656627,0.47898818301851,0.7812309594561645,0.7812309594561645
Subject2,F1_B1,2.5Hz,0.36156356736431594,0.3919467391102294,0.5448754410258726,1.0919035634240621,1.0919035634240621
Subject2,F1_B1,2.5Hz,0.387953427820273,0.4688589401264369,0.7535689936297026,1.2947019487596483,1.2947019487596483
Subject3,F1_B1,0.5Hz,0.3072236622650991,0.10656634928581771,0.22470317615047997,0.03958914594759115,0.3072236622650991
Subject3,F1_B1,0.5Hz,0.7856381084403016,0.21809444891168778,0.3401822375530984,0.07604100236934641,0.7856381084403016
Subject3,F1_B1,0.5Hz,1.2118612965958688,0.29674745033763916,0.5197033275760907,0.10088950744430872,1.2118612965958688
Subject3,F1_B1,0.5Hz,1.5819159270832395,0.3897970610762037,0.6683075584649804,0.13909210351140983,1.5819159270832395
Subject3,F1_B1,0.5Hz,1.815298439263801,0.46588586076342187,0.8718751152035981,0.19976490532989205,1.815298439263801
Subject3,F1_B1,0.5Hz,1.9421639684148155,0.5533240005660014,1.072377750679681,0.29821915132067317,1.9421639684148155
Subject3,F1_B1,1Hz,0.15638829026679937,0.40675621230875053,0.08528820955971476,0.04601824239719098,0.40675621230875053
Subject3,F1_B1,1Hz,0.32341859480408264,0.8479559274677579,0.20534689851080493,0.06421741378599552,0.8479559274677579
Subject3,F1_B1,1Hz,0.5190514371997309,1.163333363599883,0.30712283552477293,0.11400005526658072,1.163333363599883
Subject3,F1_B1,1Hz,0.6447029692503985,1.6929536666164287,0.3579699076641789,0.15830381142615055,1.6929536666164287
Subject3,F1_B1,1Hz,0.7314123791410643,2.053881186394529,0.49826183882175995,0.1873530449859423,2.053881186394529
Subject3,F1_B1,1Hz,0.8404387030239427,2.4065410386421777,0.6345774282562686,0.2661812078367491,2.4065410386421777
Subject3,F1_B1,1.5Hz,0.08330731349550234,0.2916162945463455,0.17049961716933365,0.058298639720802854,0.17049961716933365
Subject3,F1_B1,1.5Hz,0.23437767602826154,0.5018147780781533,0.37622416583669077,0.13188443176753356,0.37622416583669077
Subject3,F1_B1,1.5Hz,0.2933893501550864,0.7416448672277973,0.6144687648631906,0.1755721373126195,0.6144687648631906
Subject3,F1_B1,1.5Hz,0.3292921527572668,0.8842659197206553,1.0733345204254257,0.2132939412239533,1.0733345204254257
Subject3,F1_B1,1.5Hz,0.4123814047749799,1.005138398938638,1.4629029269439024,0.25382637707651223,1.4629029269439024
Subject3,F1_B1,1.5Hz,0.48736907866733714,1.2076668843044862,1.8875716191225653,0.2766128750260928,1.8875716191225653
Subject3,F1_B1,2.5Hz,0.039006655894405176,0.12722943297567374,0.35427537060419184,0.06560470037495084,0.06560470037495084
Subject3,F1_B1,2.5Hz,0.10380575945397051,0.250827478990939,0.6150532954481264,0.18518184090861817,0.18518184090861817
Subject3,F1_B1,2.5Hz,0.13319616360275963,0.3049956191321323,0.8000768764288113,0.3789407683637339,0.3789407683637339
Subject3,F1_B1,2.5Hz,0.14769900997823618,0.34412812344447635,0.8856437055145996,0.6018734475157453,0.6018734475157453
Subject3,F1_B1,2.5Hz,0.15918136180758938,0.3626039746494586,0.9891871095017368,0.683110072116463,0.683110072116463
Subject3,F1_B1,2.5Hz,0.1810256338390482,0.3952694430888757,1.1918075540916488,0.782409957833755,0.782409957833755
Subject4,F1_B1,0.5Hz,0.2536830494550229,0.15440599870378902,0.18065477937999772,0.047023693782123,0.2536830494550229
Subject4,F1_B1,0.5Hz,0.6729993777233667,0.28893718342601415,0.278134098853085,0.08553263782763693,0.6729993777233667
Subject4,F1_B1,0.5Hz,1.1203796648772784,0.40070570253154214,0.4191342425400641,0.1266625954568279,1.1203796648772784
Subject4,F1_B1,0.5Hz,1.4646256221725522,0.5659992769110099,0.5465505417041113,0.1543307551254486,1.4646256221725522
Subject4,F1_B1,0.5Hz,1.7831087524626776,0.663269809909563,0.6303945581289434,0.2309033248096528,1.7831087524626776
Subject4,F1_B1,0.5Hz,2.162149179205508,0.8138040673590335,0.7384903730242475,0.2639061103698671,2.162149179205508
Subject4,F1_B1,1Hz,0.09873659901148645,0.37898630260960436,0.0713972604049256,0.04845107702314531,0.37898630260960436
Subject4,F1_B1,1Hz,0.23489536871537992,0.6384078754569869,0.16137612850307378,0.11755055635668113,0.6384078754569869
Subject4,F1_B1,1Hz,0.3930774312590005,0.92491957509956,0.23255294094546858,0.15284143418100837,0.92491957509956
Subject4,F1_B1,1Hz,0.5294717348036114,1.430072838579132,0.26962199149030563,0.20132635797696397,1.430072838579132
Subject4,F1_B1,1Hz,0.9125040114839789,1.6812509372681026,0.36903748461269703,0.23740585836780098,1.6812509372681026
Subject4,F1_B1,1Hz,1.0944533566689063,1.9462098755671435,0.4775093267116954,0.28057328357056793,1.9462098755671435
Subject4,F1_B1,1.5Hz,0.020215127209877823,0.2913688596957646,0.28326279183853975,0.0539927364423635,0.28326279183853975
Subject4,F1_B1,1.5Hz,0.12049052459576746,0.49526589253678877,0.5945549964597001,0.1003775392345017,0.5945549964597001
Subject4,F1_B1,1.5Hz,0.19438721216828478,0.6951256289431411,0.9360040373320921,0.14530633815817479,0.9360040373320921
Subject4,F1_B1,1.5Hz,0.2894944973335974,1.0843870322771985,1.140498233587275,0.17507310536045095,1.140498233587275
Subject4,F1_B1,1.5Hz,0.3707252196943304,1.4206925698181694,1.2688942145838076,0.21777282767508568,1.2688942145838076
Subject4,F1_B1,1.5Hz,0.48204850804224453,1.834660211768854,1.442196874824354,0.27632962434042924,1.442196874824354
Subject4,F1_B1,2.5Hz,0.01084266971413708,0.06704068711663096,0.17194952845825728,0.23870500325430904,0.23870500325430904
Subject4,F1_B1,2.5Hz,0.024487592668294433,0.11116983555646179,0.3021527546087055,0.3608849170804476,0.3608849170804476
Subject4,F1_B1,2.5Hz,0.03931905202274947,0.16273044004829917,0.49336103576488977,0.6242529272561395,0.6242529272561395
Subject4,F1_B1,2.5Hz,0.04564596980025725,0.1839943653065185,0.6479072018827113,0.8830447985260164,0.8830447985260164
Subject4,F1_B1,2.5Hz,0.12751739811048823,0.2709166114222272,0.8546503725684796,1.028708666739463,1.028708666739463
Subject4,F1_B1,2.5Hz,0.135943835846983,0.5116882923385319,1.0843034491818535,1.1170188885304173,1.1170188885304173
Subject5,F1_B1,0.5Hz,0.40753460742773384,0.11101245597013487,0.1604298872136922,0.02608469386533078,0.40753460742773384
Subject5,F1_B1,0.5Hz,0.7300335926127071,0.30583472061688866,0.30669996324739635,0.06636696934529199,0.7300335926127071
Subject5,F1_B1,0.5Hz,0.9735835614616731,0.48864159543609303,0.4223281572531074,0.12167549932558938,0.9735835614616731
Subject5,F1_B1,0.5Hz,1.231266167618332,0.6501015430742891,0.5418800756031983,0.21427669747868416,1.231266167618332
Subject5,F1_B1,0.5Hz,1.4951472175946825,0.8482635584122957,0.6963591262939323,0.26347793017989746,1.4951472175946825
Subject5,F1_B1,0.5Hz,1.8642081502706502,1.0564680063252498,0.8424917305153223,0.3044781382737569,1.8642081502706502
Subject5,F1_B1,1Hz,0.04639337907942075,0.5222618178682454,0.07352132619038822,0.020578983223966844,0.5222618178682454
Subject5,F1_B1,1Hz,0.0985077163132923,1.110786688373757,0.16414154910953097,0.05415468028362795,1.110786688373757
Subject5,F1_B1,1Hz,0.16545539570346043,1.6183106091065624,0.2351006056574364,0.08011249531293303,1.6183106091065624
Subject5,F1_B1,1Hz,0.19972651900082034,2.0482933510747845,0.3496622181034811,0.14375303064911227,2.0482933510747845
Subject5,F1_B1,1Hz,0.22142927817881086,2.328780547779743,0.5673303265735998,0.22336447384650854,2.328780547779743
Subject5,F1_B1,1Hz,0.24969131581042298,2.6932374934775436,0.7741199816877196,0.2795841872956524,2.6932374934775436
Subject5,F1_B1,1.5Hz,0.04509052942786146,0.04678885279883018,0.5474744089143024,0.04703264867091741,0.5474744089143024
Subject5,F1_B1,1.5Hz,0.0891500020174675,0.13848994140564527,0.9760480277866899,0.0984385104362554,0.9760480277866899
Subject5,F1_B1,1.5Hz,0.13752044259517332,0.22871111289794177,1.4638566111361138,0.15523195285880734,1.4638566111361138
Subject5,F1_B1,1.5Hz,0.19292256096374527,0.34359711491749817,1.8274651015501413,0.25799218400429424,1.8274651015501413
Subject5,F1_B1,1.5Hz,0.24484687440366348,0.734975849484306,2.030999013544505,0.3028581725982686,2.030999013544505
Subject5,F1_B1,1.5Hz,0.33316654411561064,0.828607755639782,2.366538303817023,0.3513540437394492,2.366538303817023
Subject5,F1_B1,2.5Hz,0.004179489044464362,0.026279528248930373,0.047503911196124515,0.12658583228297807,0.12658583228297807
Subject5,F1_B1,2.5Hz,0.017653227245471286,0.04743793560960104,0.09810494574121223,0.3170867996664194,0.3170867996664194
Subject5,F1_B1,2.5Hz,0.03739964875184737,0.06533962814145447,0.12631109016748351,0.5140297295528926,0.5140297295528926
Subject5,F1_B1,2.5Hz,0.08806084800462169,0.10397281011733892,0.18420597816737427,0.66302971701291,0.66302971701291
Subject5,F1_B1,2.5Hz,0.13046283172162085,0.15605013707770968,0.4686403405141534,0.7940401599683286,0.7940401599683286
Subject5,F1_B1,2.5Hz,0.17224156780144986,0.28182661486338745,0.6238386104104363,0.9786072597332629,0.9786072597332629
Subject6,F1_B1,0.5Hz,0.2549141364798824,0.0891260454988575,0.2495999236572754,0.044797827186692236,0.2549141364798824
Subject6,F1_B1,0.5Hz,0.651789633668021,0.17486521083335366,0.34034878568592347,0.1677463850592389,0.651789633668021
Subject6,F1_B1,0.5Hz,0.9955217186420693,0.35066662120107833,0.4682727091581279,0.23412909086809863,0.9955217186420693
Subject6,F1_B1,0.5Hz,1.4890917740439524,0.39221689416569716,0.6414367510981375,0.2921211369003082,1.4890917740439524
Subject6,F1_B1,0.5Hz,1.8004662893191972,0.5359234987055717,0.7955551550821389,0.35559716275288766,1.8004662893191972
Subject6,F1_B1,0.5Hz,2.060233805268853,0.629300591324811,0.9740184226609214,0.43742448070174567,2.060233805268853
Subject6,F1_B1,1Hz,0.04286078456486063,0.5163139352487308,0.08666802201561623,0.06307174640200507,0.5163139352487308
Subject6,F1_B1,1Hz,0.09182823018328565,0.9890544742781378,0.19046698614552313,0.1372159292531556,0.9890544742781378
Subject6,F1_B1,1Hz,0.13366945645170497,1.475685030313653,0.2463164743076662,0.19650444549176857,1.475685030313653
Subject6,F1_B1,1Hz,0.18614443178671464,1.8023409267825325,0.3008823372800323,0.22408203787806122,1.8023409267825325
Subject6,F1_B1,1Hz,0.2331991140915071,2.44521942434982,0.3505822157332321,0.24609148233391123,2.44521942434982
Subject6,F1_B1,1Hz,0.3039214514967002,3.0118813342404636,0.4342488662377304,0.30636032739764285,3.0118813342404636
Subject6,F1_B1,1.5Hz,0.03916239685890243,0.19768693344129748,0.4514381806490478,0.024813838778812453,0.4514381806490478
Subject6,F1_B1,1.5Hz,0.05938249178895561,0.31994976483004856,1.0257975556272714,0.055936372868246154,1.0257975556272714
Subject6,F1_B1,1.5Hz,0.09835798134158324,0.43268051388264767,1.5106250948749957,0.08377229559921608,1.5106250948749957
Subject6,F1_B1,1.5Hz,0.13129707410811914,0.5397134238241729,2.1564237654250653,0.09992456475732682,2.1564237654250653
Subject6,F1_B1,1.5Hz,0.16530727575532592,0.5751560493489909,2.862018506470993,0.12070356313728581,2.862018506470993
Subject6,F1_B1,1.5Hz,0.24568296194480854,0.6813713081323273,3.351468027121087,0.14344923565644557,3.351468027121087
Subject6,F1_B1,2.5Hz,0.024390945453276566,0.06356600729027735,0.2519116239038946,0.17957690668728316,0.17957690668728316
Subject6,F1_B1,2.5Hz,0.037336166041183484,0.09647282040054178,0.5678750230403875,0.2801064059671441,0.2801064059671441
Subject6,F1_B1,2.5Hz,0.06096934111633429,0.20172413674911166,0.8763939544212085,0.4001709408492363,0.4001709408492363
Subject6,F1_B1,2.5Hz,0.07385878784951451,0.23545630863375078,1.2525404598984762,0.44368175006903227,0.44368175006903227
Subject6,F1_B1,2.5Hz,0.12531449495452876,0.30012427715726225,1.37314013417334,0.7127977661013122,0.7127977661013122
Subject6,F1_B1,2.5Hz,0.17067434001545068,0.4367385166996207,1.821950192754676,0.7901474095331579,0.7901474095331579
Subject7,F1_B1,0.5Hz,0.11451502207235624,0.23472773890380275,0.16994541293162882,0.06253923432780038,0.11451502207235624
Subject7,F1_B1,0.5Hz,0.4303016207319359,0.4150953351984472,0.3094469834000134,0.11259966263171461,0.4303016207319359
Subject7,F1_B1,0.5Hz,0.7843002493617119,0.5360677295794904,0.5010274270838415,0.16987605853155252,0.7843002493617119
Subject7,F1_B1,0.5Hz,0.9742450799354775,0.6507625403525936,0.7080058643599685,0.25827333419585236,0.9742450799354775
Subject7,F1_B1,0.5Hz,1.200913183889906,0.7836792718238978,0.9215762936346242,0.2848738567896053,1.200913183889906
Subject7,F1_B1,0.5Hz,1.4808630056178052,0.9405853612805593,1.1096207863131147,0.31931205990731787,1.4808630056178052
Subject7,F1_B1,1Hz,0.03962747230301365,0.5966323779603546,0.08869592676068706,0.04598873443804763,0.5966323779603546
Subject7,F1_B1,1Hz,0.09172166739357374,1.0214941861510711,0.20520459289600507,0.14114544322644293,1.0214941861510711
Subject7,F1_B1,1Hz,0.22268931606985137,1.2794182891578771,0.35844581469670256,0.1864104387201508,1.2794182891578771
Subject7,F1_B1,1Hz,0.2893854790540671,1.7133072529708586,0.47442316629427317,0.22914643076265942,1.7133072529708586
Subject7,F1_B1,1Hz,0.3855089918205241,2.1542458671434073,0.5509238630542002,0.28095645335847086,2.1542458671434073
Subject7,F1_B1,1Hz,0.498536051287597,2.5333387041963196,0.7125274229002896,0.3448880899839427,2.5333387041963196
Subject7,F1_B1,1.5Hz,0.02297623099277348,0.16474527604291309,0.3219392138959234,0.08168285748348333,0.3219392138959234
Subject7,F1_B1,1.5Hz,0.041788112002800144,0.29148130396217464,0.5725697626423957,0.15961972447612466,0.5725697626423957
Subject7,F1_B1,1.5Hz,0.05313807813775929,0.40852807046241985,0.8651118009617429,0.20964700978707362,0.8651118009617429
Subject7,F1_B1,1.5Hz,0.13395059262501313,0.7544524042573482,1.1026224499632689,0.2524618311650999,1.1026224499632689
Subject7,F1_B1,1.5Hz,0.15466014008952975,0.8390555273462701,1.582330373274348,0.31661146776637467,1.582330373274348
Subject7,F1_B1,1.5Hz,0.1934542301718694,0.9006074075697387,1.942026792406006,0.37926302920833843,1.942026792406006
Subject7,F1_B1,2.5Hz,0.07014862675156029,0.15481733563177844,0.27800122525677545,0.03784953531443677,0.03784953531443677
Subject7,F1_B1,2.5Hz,0.1315644818457452,0.5414049342635241,0.5122625679512274,0.09920255108877124,0.09920255108877124
Subject7,F1_B1,2.5Hz,0.15640857683588963,0.6155618690163365,0.7878675046676222,0.1677771780721346,0.1677771780721346
Subject7,F1_B1,2.5Hz,0.17280518122651,0.6495528630851529,0.855664223672662,0.28424526196435024,0.28424526196435024
Subject7,F1_B1,2.5Hz,0.18354597937500444,0.6616494958605807,0.8795590426915222,0.3988509647315664,0.3988509647315664
Subject7,F1_B1,2.5Hz,0.19873284255749177,0.6842186579652911,0.9297918956901512,0.479414019143728,0.479414019143728
