time, x, y, z, visx, visy, visz, mov_angle, nail_angle, fx, fy, fz, score, scoring_enabled
0,0.0834055,0.0600916,-0.133081,0.099687,0.100125,-0.131191,0,190,-0.337666,0.345321,-16.5802,0,0
0.0170002,0.083405,0.0600965,-0.132944,0.0996863,0.100132,-0.131191,0,190,-0.276576,0.467284,-16.7511,0,0
0.0349998,0.0833989,0.0601558,-0.132558,0.0996782,0.100213,-0.131191,0,190,-0.239946,0.296348,-16.1652,0,0
0.052,0.0833897,0.0602448,-0.132029,0.0996658,0.100335,-0.131191,0,190,0.822051,0.100963,-15.506,0,0
0.0689998,0.0833906,0.0603348,-0.131313,0.099667,0.100459,-0.131191,0,190,0.309348,-0.546075,-14.5782,0,0
0.086,0.0835022,0.0604412,-0.130475,0.0998166,0.100604,-0.131191,0,190,-1.90013,0.576961,-19.1681,0,0
0.102,0.0836005,0.0605763,-0.129748,0.0999484,0.100789,-0.131191,0,190,0.455844,0.454838,-19.9005,0,1
0.119,0.0837994,0.0607269,-0.129195,0.100215,0.100996,-0.131191,0,190,3.14137,0.796635,-16.4093,0,1
0.136,0.0841224,0.0609105,-0.128402,0.100648,0.101247,-0.131191,0,190,3.10475,-0.155547,-13.5773,0,1
0.152,0.0846017,0.0610656,-0.127366,0.10129,0.101459,-0.131191,0,190,-0.911368,-1.29077,-18.0939,0,1
0.168,0.0849948,0.0611167,-0.126218,0.101817,0.101529,-0.131191,0,190,-7.41772,-6.08813,-21.17,0,1
0.185,0.0850187,0.0607886,-0.125308,0.101849,0.10108,-0.131191,0,190,-14.0705,-10.7146,-23.5382,0,1
0.201,0.0840874,0.0596669,-0.124638,0.100601,0.0995438,-0.131191,0,190,-13.0452,-13.3513,-21.463,0,1
0.218,0.082185,0.0577192,-0.12417,0.0980509,0.0968763,-0.131191,0,190,-16.1091,-16.989,-21.6583,0,1
0.238,0.0787221,0.0539822,-0.123861,0.093409,0.0917582,-0.131191,227.228,190,-11.9954,-14.4622,-26.9806,0,1
0.255,0.0745802,0.0494357,-0.124196,0.0878568,0.0855315,-0.131191,227.101,190,-6.83178,-9.54272,-31.5948,0,1
0.272,0.0701648,0.0443496,-0.125517,0.081938,0.0785658,-0.131191,228.042,190,6.6692,1.28492,-32.4737,0,1
0.288,0.06642,0.0394565,-0.127076,0.0769181,0.0718644,-0.131191,229.738,190,18.0828,8.24292,-18.5821,0,1
0.305,0.0642709,0.0353082,-0.128382,0.0740373,0.066183,-0.131191,233.881,190,34.2327,21.6462,-14.212,0,1
0.322,0.0640549,0.0324658,-0.129062,0.0737478,0.0622901,-0.131191,242.791,190,25.1751,20.45,-3.90929,0,1
0.34,0.0655379,0.0310663,-0.129012,0.0757357,0.0603734,-0.131191,263.998,190,10.0261,22.928,-15.9454,0,1
0.357,0.0681801,0.0313128,-0.128666,0.0792775,0.060711,-0.131191,0,190,2.1526,17.3982,-17.2638,0,1
0.375,0.0709411,0.0329689,-0.128173,0.0829786,0.0629792,-0.131191,0,190,-3.81664,9.85425,-16.5314,0,1
0.392,0.0733473,0.0353691,-0.127513,0.0862041,0.0662664,-0.131191,0,190,-8.16235,3.04273,-17.7032,0,1
0.41,0.0750732,0.0379943,-0.126807,0.0885177,0.0698618,-0.131191,0,190,-5.61108,-2.20629,-22.5616,0,1
0.428,0.0761451,0.0404233,-0.126411,0.0899545,0.0731885,-0.131191,0,190,-4.74438,-3.9641,-30.2521,0,1
0.445,0.0769707,0.0426083,-0.126837,0.0910612,0.076181,-0.131191,0,190,3.91041,-1.69359,-29.8614,0,1
0.463,0.0780395,0.0445139,-0.128234,0.0924939,0.0787908,-0.131191,0,190,11.2835,-3.50023,-24.588,0,1
0.481,0.0800911,0.0461649,-0.129977,0.0952441,0.0810519,-0.131191,0,190,12.1624,-6.68627,-20.1691,0,1
0.499,0.0828769,0.0473306,-0.131709,0.0989784,0.0826484,-0.131191,0,190,-1.3142,-9.61596,-20.5109,0,0
0.517,0.0856638,0.0477817,-0.133579,0.102714,0.0832663,-0.131191,0,190,-13.2771,-11.0564,-22.8302,0,0
0.535,0.0871532,0.0473275,-0.135321,0.104711,0.0826442,-0.131191,0,190,-22.3835,-12.3992,-23.6847,0,0
0.552,0.087293,0.0458871,-0.135285,0.104898,0.0806715,-0.131191,0,190,-24.5564,-12.2771,-36.5997,0,0
0.57,0.085337,0.0434753,-0.135199,0.102276,0.0773684,-0.131191,0,190,-15.4866,-7.35766,-37.0392,0,0
0.588,0.082415,0.0406253,-0.135219,0.0983592,0.0734651,-0.131191,234.741,190,-2.19311,2.85963,-31.5216,0,0
0.604,0.0796032,0.0381654,-0.135108,0.0945901,0.0700961,-0.131191,225.119,190,17.387,11.3557,-21.0724,0,0
0.62,0.0779469,0.0363753,-0.13492,0.0923698,0.0676444,-0.131191,223.853,190,34.3425,15.5061,-12.2589,0,0
0.638,0.0784309,0.0356336,-0.134259,0.0930186,0.0666286,-0.131191,0,190,21.5129,13.6751,-8.13293,0,0
0.654,0.0808986,0.0358103,-0.13301,0.0963265,0.0668706,-0.131191,0,190,10.7341,10.3547,-14.9444,0,0
0.672,0.0839602,0.0367488,-0.131536,0.100431,0.068156,-0.131191,0,190,-10.6648,0.0886312,-18.631,0,0
0.689,0.0864516,0.0377534,-0.129962,0.10377,0.0695318,-0.131191,0,190,-18.9045,-7.36986,-14.1632,0,1
0.707,0.0874193,0.0381405,-0.128173,0.105067,0.070062,-0.131191,0,190,-20.9553,-14.6575,-7.69347,0,1
0.724,0.086856,0.03748,-0.126416,0.104312,0.0691574,-0.131191,0,190,-13.0696,-10.5437,-10.7941,0,1
0.742,0.0847132,0.0359361,-0.124658,0.10144,0.0670429,-0.131191,0,190,-8.65062,-1.01,-18.7286,0,1
0.76,0.0821376,0.0343377,-0.122992,0.0979874,0.0648538,-0.131191,0,190,8.64674,7.35182,-25.8819,0,1
0.778,0.0802274,0.0334114,-0.121895,0.0954268,0.0635852,-0.131191,211.541,190,26.2737,17.3494,-29.1534,0,1
0.795,0.0803008,0.0337263,-0.121529,0.0955252,0.0640165,-0.131191,0,190,29.887,12.491,-20.5597,0,1
0.813,0.0824911,0.0350666,-0.121219,0.0984613,0.0658521,-0.131191,0,190,19.1936,14.7005,-13.3575,0,1
0.83,0.0865578,0.0376056,-0.120467,0.103913,0.0693294,-0.131191,0,190,4.15456,11.2703,-13.5284,0,1
0.848,0.0910256,0.0409241,-0.119197,0.109902,0.0738743,-0.131191,0,190,-10.1643,1.73659,-13.4552,0,1
0.865,0.0943762,0.0439898,-0.117673,0.114393,0.078073,-0.131191,0,190,-20.9553,-6.80833,-14.1632,0,1
0.881,0.0964102,0.0467164,-0.116007,0.11712,0.0818073,-0.131191,0,190,-26.7903,-14.7185,-17.5079,0,1
0.897,0.0966516,0.0484187,-0.114412,0.117443,0.0841387,-0.131191,0,190,-28.0232,-17.1599,-22.6593,0,1
0.915,0.0951411,0.0490014,-0.112944,0.115418,0.0849367,-0.131191,0,190,-21.2116,-19.76,-32.3273,0,1
0.931,0.0919503,0.0481936,-0.112456,0.111141,0.0838304,-0.131191,0,190,-19.9543,-20.8586,-39.8224,0,1
0.948,0.0876635,0.0459711,-0.113396,0.105395,0.0807865,-0.131191,195.233,190,-5.97727,-14.279,-46.048,0,1
0.965,0.0826529,0.0426409,-0.115032,0.0986781,0.0762256,-0.131191,206.991,190,0.822042,-5.96604,-28.2257,0,1
0.981,0.0784665,0.0390257,-0.116764,0.0930663,0.0712743,-0.131191,214.213,190,32.2307,8.01101,-22.7814,0,1
0.998,0.076423,0.0360833,-0.118359,0.090327,0.0672445,-0.131191,221.337,190,38.4319,17.0198,-11.3312,0,1
1.014,0.0765441,0.0341793,-0.119507,0.0904894,0.0646369,-0.131191,234.173,190,22.0379,16.7879,-12.4542,0,1
1.031,0.0781249,0.0334279,-0.120152,0.0926084,0.0636078,-0.131191,266.508,190,3.76394,16.7268,-15.0421,0,1
1.047,0.0801511,0.033762,-0.120447,0.0953245,0.0640654,-0.131191,0,190,-12.4958,10.135,-11.5997,0,1
1.067,0.0812061,0.0350238,-0.120228,0.0967387,0.0657935,-0.131191,0,190,-23.6164,1.3948,-10.2081,0,1
1.086,0.0801658,0.0363817,-0.119334,0.0953442,0.0676532,-0.131191,0,190,-21.2849,-1.18089,-14.3829,0,1
1.102,0.0773405,0.0373437,-0.118262,0.0915569,0.0689707,-0.131191,0,190,-17.9157,-0.90012,-21.3165,0,1
1.119,0.0735065,0.0384324,-0.117312,0.0864175,0.0704618,-0.131191,156.121,190,-0.154514,6.14334,-24.6368,0,1
1.135,0.0698982,0.0399656,-0.116774,0.0815806,0.0725616,-0.131191,160.758,190,21.3299,17.0442,-24.0997,0,1
1.152,0.0680395,0.0424905,-0.116525,0.0790891,0.0760196,-0.131191,151.042,190,42.0696,9.39041,-18.5089,0,1
1.168,0.0687104,0.0457924,-0.116271,0.0799884,0.0805418,-0.131191,123.09,190,33.0608,2.66433,-15.6769,0,1
1.185,0.0721125,0.0494333,-0.115778,0.0845489,0.0855282,-0.131191,0,190,23.4173,6.81472,-14.505,0,1
1.202,0.0770135,0.0535369,-0.115011,0.0911186,0.0911484,-0.131191,0,190,4.74051,0.503687,-15.7013,0,1
1.218,0.0821714,0.0575984,-0.113853,0.0980327,0.0967109,-0.131191,0,190,-15.2668,-5.33127,-10.2081,0,1
1.235,0.0864652,0.0612201,-0.112359,0.103788,0.101671,-0.131191,0,190,-23.4455,-13.1804,-20.7062,0,1
1.252,0.0889281,0.0640905,-0.110531,0.10709,0.105602,-0.131191,0,190,-28.9387,-13.2658,-12.6984,0,1
1.27,0.088993,0.0658649,-0.108824,0.107177,0.108032,-0.131191,0,190,-36.8733,-13.9006,-28.5675,0,1
1.287,0.087068,0.0666164,-0.10766,0.104597,0.109062,-0.131191,0,190,-23.177,-14.0715,-29.1534,0,1
1.304,0.0825896,0.0662082,-0.107254,0.0985933,0.108503,-0.131191,161.525,190,-18.0378,-17.0134,-32.9376,0,1
1.322,0.0774235,0.0646008,-0.107965,0.0916682,0.106301,-0.131191,186.235,190,11.076,-9.70139,-29.715,0,1
1.339,0.0728525,0.0622085,-0.109286,0.0855408,0.103025,-0.131191,197.227,190,37.1502,-6.23459,-7.49816,0,1
1.357,0.0710578,0.059338,-0.110266,0.0831351,0.0990934,-0.131191,210.785,190,29.0325,-4.47678,-7.66906,0,1
1.374,0.0712249,0.0561196,-0.110358,0.0833591,0.0946856,-0.131191,233.838,190,10.7098,-4.94064,-4.22668,0,1
1.393,0.0719466,0.0521629,-0.109418,0.0843265,0.0892666,-0.131191,264.847,190,-8.95577,-7.78488,-7.71789,0,1
1.41,0.0722467,0.0482194,-0.10792,0.0847288,0.0838657,-0.131191,0,190,-22.3713,-9.99436,-12.4298,0,1
1.426,0.0705999,0.0436639,-0.106324,0.0825212,0.0776267,-0.131191,267.127,190,-20.76,-0.460664,-18.7286,0,1
1.443,0.067613,0.039216,-0.104623,0.0785173,0.071535,-0.131191,251.494,190,-9.49288,13.553,-10.3058,0,1
1.461,0.0640556,0.0353331,-0.102804,0.0737487,0.0662171,-0.131191,237.558,190,20.4266,31.4607,-15.1153,0,1
1.477,0.0622181,0.0340134,-0.101209,0.0712855,0.0644097,-0.131191,229.025,190,32.9021,27.9939,-13.7237,0,1
1.495,0.0625711,0.0344843,-0.099441,0.0717587,0.0650546,-0.131191,0,190,30.2044,26.5047,-23.4161,0,1
1.512,0.0652592,0.0368892,-0.0980796,0.0753621,0.0683483,-0.131191,0,190,14.8479,14.9202,-26.0528,0,1
1.529,0.0691125,0.0403465,-0.0972922,0.0805274,0.0730833,-0.131191,0,190,1.44462,2.24929,-21.7316,0,1
1.546,0.0728666,0.0438032,-0.0967181,0.0855597,0.0778174,-0.131191,0,190,-12.3493,-7.38205,-18.8995,0,1
1.563,0.0759455,0.0468267,-0.0961085,0.089687,0.0819583,-0.131191,0,190,-18.3308,-12.6921,-15.3351,0,1
1.579,0.0778146,0.048935,-0.0954176,0.0921925,0.0848458,-0.131191,0,190,-15.6086,-7.2966,-16.6046,0,1
1.596,0.0787641,0.0505217,-0.0945439,0.0934653,0.0870189,-0.131191,0,190,0.626751,3.07937,-18.1915,0,1
1.612,0.0796003,0.0521928,-0.0936549,0.0945862,0.0893075,-0.131191,0,190,13.0291,9.5613,-22.3419,0,1
1.629,0.0815044,0.05451,-0.0929996,0.0971386,0.0924811,-0.131191,0,190,18.156,5.48415,-24.7589,0,1
1.645,0.0845754,0.0571863,-0.0927557,0.101255,0.0961465,-0.131191,0,190,7.41386,2.71316,-27.8351,0,1
1.662,0.0881763,0.0601299,-0.0931215,0.106082,0.100178,-0.131191,0,190,-2.54709,3.2991,-23.6359,0,1
1.68,0.0914506,0.0633007,-0.0941426,0.110471,0.104521,-0.131191,0,190,-16.5363,-3.50022,-24.881,0,1
1.697,0.0934043,0.0660478,-0.0953922,0.11309,0.108283,-0.131191,0,190,-24.7029,-12.2649,-18.0206,0,1
1.713,0.0938191,0.0679888,-0.0966064,0.113646,0.110941,-0.131191,0,190,-24.5564,-16.2322,-19.0948,0,1
1.73,0.0925717,0.0689598,-0.0976732,0.111974,0.112271,-0.131191,0,190,-22.7863,-17.2453,-15.4327,0,1
1.746,0.0894159,0.0685673,-0.098552,0.107744,0.111733,-0.131191,0,190,-21.407,-21.53,-25.6378,0,1
1.763,0.0852175,0.0667931,-0.0997763,0.102116,0.109304,-0.131191,187.914,190,-1.98557,-11.2761,-19.6075,0,1
1.78,0.0808533,0.0642324,-0.101082,0.0962658,0.105797,-0.131191,201.97,190,24.5769,-0.863503,-15.2862,0,1
1.796,0.0780811,0.0616222,-0.102047,0.0925497,0.102222,-0.131191,211.497,190,33.6223,5.61843,-10.8673,0,1
1.813,0.0774729,0.0593817,-0.102489,0.0917344,0.0991532,-0.131191,223.741,190,22.9412,7.60818,-12.2833,0,1
1.829,0.0782316,0.0576883,-0.102525,0.0927514,0.096834,-0.131191,248.168,190,11.8694,9.13406,-15.0909,0,1
1.846,0.0799727,0.0564931,-0.102321,0.0950854,0.0951971,-0.131191,0,190,-5.59886,2.2615,-16.7999,0,1
1.862,0.081399,0.0554093,-0.10194,0.0969973,0.0937128,-0.131191,0,190,-15.1936,-3.96409,-14.5538,0,1
1.88,0.0817007,0.0540463,-0.101234,0.0974017,0.091846,-0.131191,0,190,-23.2746,-7.87034,-14.7003,0,1
1.898,0.0802952,0.0520076,-0.100152,0.0955177,0.0890539,-0.131191,0,190,-18.2209,-7.77268,-18.7775,0,1
1.915,0.0774195,0.0494435,-0.0990041,0.0916628,0.0855422,-0.131191,236.295,190,-10.3108,-4.12278,-19.3634,0,1
1.932,0.0740577,0.0465998,-0.0979526,0.0871564,0.0816476,-0.131191,224.254,190,5.55837,1.2239,-18.2403,0,1
1.949,0.0710509,0.0439612,-0.0969264,0.0831258,0.0780338,-0.131191,221.037,190,33.9641,19.1072,-19.4122,0,1
1.966,0.0703513,0.0426392,-0.0961441,0.082188,0.0762233,-0.131191,223.91,190,37.8704,14.0291,-20.8038,0,1
1.983,0.0721996,0.042446,-0.0957072,0.0846656,0.0759587,-0.131191,0,190,27.7752,15.4817,-22.6105,0,1
2.001,0.0765484,0.0434217,-0.0954786,0.0904951,0.077295,-0.131191,0,190,18.6199,12.3079,-17.4103,0,1
2.018,0.0820615,0.0453444,-0.0951484,0.0978854,0.0799282,-0.131191,0,190,3.92263,10.6843,-19.8273,0,1
2.035,0.0877784,0.0479141,-0.0947115,0.105549,0.0834476,-0.131191,0,190,-14.5344,2.77419,-17.9718,0,1
2.052,0.0924378,0.0506587,-0.0942289,0.111795,0.0872065,-0.131191,0,190,-26.1311,-3.2805,-21.9025,0,1
2.069,0.0951608,0.0531113,-0.0938632,0.115445,0.0905655,-0.131191,0,190,-29.6589,-7.82151,-21.048,0,1
2.086,0.0957635,0.0550119,-0.0937311,0.116253,0.0931685,-0.131191,0,190,-30.1594,-12.2649,-25.003,0,1
2.104,0.0944522,0.055998,-0.0940359,0.114495,0.094519,-0.131191,0,190,-19.112,-17.5139,-27.9083,0,1
2.122,0.0910367,0.0555853,-0.0952856,0.109917,0.0939538,-0.131191,0,190,-11.7634,-16.3786,-35.965,0,1
2.139,0.0871038,0.0540418,-0.0969416,0.104645,0.0918399,-0.131191,186.392,190,13.9324,-4.58665,-22.7325,0,1
2.156,0.0842065,0.0521287,-0.0986841,0.100761,0.0892198,-0.131191,200.689,190,38.8592,5.81374,-18.0939,0,1
2.174,0.0837329,0.0504971,-0.100076,0.100126,0.0869852,-0.131191,214.863,190,27.1648,6.54616,-10.0616,0,1
2.191,0.0850694,0.0494147,-0.100904,0.101917,0.0855028,-0.131191,0,190,8.15847,8.1697,-16.8732,0,1
2.208,0.0873256,0.048954,-0.101524,0.104942,0.0848718,-0.131191,0,190,-9.34641,4.84938,-13.8458,0,1
2.224,0.0888044,0.0488864,-0.101813,0.106924,0.0847792,-0.131191,0,190,-21.4802,-0.790276,-12.3566,0,1
2.241,0.0888828,0.0488025,-0.10159,0.107029,0.0846643,-0.131191,0,190,-27.9621,-3.17064,-7.59582,0,1
2.26,0.0866625,0.0484684,-0.100472,0.104053,0.0842067,-0.131191,0,190,-19.2707,-0.91234,-7.83996,0,1
2.276,0.0830739,0.0480377,-0.0989482,0.0992425,0.0836169,-0.131191,188.424,190,-21.053,-3.47581,-14.8224,0,1
2.294,0.0778582,0.0473715,-0.0973023,0.0922509,0.0827045,-0.131191,187.396,190,-5.86741,-2.4138,-19.8761,0,1
2.312,0.0718707,0.0464174,-0.0959307,0.0842247,0.0813978,-0.131191,187.894,190,8.2195,-0.948956,-27.5177,0,1
2.33,0.0671636,0.0455083,-0.0952094,0.0779149,0.0801527,-0.131191,189.033,190,29.7771,4.2024,-22.8058,0,1
2.346,0.0647798,0.0448549,-0.0946506,0.0747195,0.0792578,-0.131191,190.892,190,24.9553,0.210703,-13.6749,0,1
2.363,0.0640708,0.0442169,-0.0937158,0.0737691,0.078384,-0.131191,195.755,190,17.5335,2.40796,-14.0411,0,1
2.379,0.0643465,0.0437528,-0.092395,0.0741386,0.0777484,-0.131191,0,190,1.83522,1.85864,-14.6027,0,1
2.396,0.0650127,0.0434386,-0.0908761,0.0750317,0.0773181,-0.131191,0,190,-12.3371,-1.49828,-18.1671,0,1
2.412,0.0650688,0.0430385,-0.0892861,0.0751069,0.0767701,-0.131191,0,190,-19.4294,-3.39037,-20.3644,0,1
2.428,0.0636755,0.0423994,-0.0877824,0.0732392,0.0758948,-0.131191,0,190,-14.1438,-2.96313,-19.6808,0,1
2.445,0.0612355,0.041647,-0.0863448,0.0699684,0.0748644,-0.131191,0,190,-7.90599,1.67555,-19.3146,0,1
2.462,0.0583849,0.0410693,-0.085029,0.0661472,0.0740732,-0.131191,196.416,190,7.90212,11.5632,-22.4152,0,1
2.478,0.0561274,0.0412206,-0.0839419,0.063121,0.0742804,-0.131191,188.876,190,25.9685,16.9221,-23.1232,0,1
2.495,0.0556945,0.0425707,-0.0832104,0.0625407,0.0761295,-0.131191,170.536,190,33.4759,13.8948,-26.7609,0,1
2.508,0.0567234,0.044272,-0.0829412,0.06392,0.0784595,-0.131191,0,190,24.4671,13.2356,-27.298,0,1
2.525,0.060057,0.0473165,-0.083058,0.0683886,0.0826291,-0.131191,0,190,17.3137,6.82691,-23.6847,0,1
2.543,0.0645783,0.0509558,-0.0834949,0.0744494,0.0876134,-0.131191,0,190,2.45779,-1.19311,-17.3859,0,1
2.56,0.0691976,0.0544995,-0.083881,0.0806415,0.0924667,-0.131191,0,190,-11.5071,-8.04125,-17.337,0,1
2.577,0.0728079,0.0572991,-0.0840892,0.085481,0.096301,-0.131191,0,190,-23.5676,-15.4998,-18.4601,0,1
2.595,0.0746864,0.0589672,-0.0842823,0.0879992,0.0985855,-0.131191,0,190,-23.1282,-16.4763,-22.9278,0,1
2.612,0.0748722,0.0594439,-0.0847649,0.0882482,0.0992384,-0.131191,0,190,-26.6438,-15.5852,-25.4425,0,1
2.629,0.0732617,0.0587671,-0.0858266,0.0860894,0.0983115,-0.131191,0,190,-19.698,-17.9656,-28.9825,0,1
2.647,0.0697449,0.0566321,-0.087442,0.0813751,0.0953875,-0.131191,0,190,-19.405,-18.991,-22.6593,0,1
2.658,0.0670354,0.0545881,-0.0886358,0.0777431,0.0925881,-0.131191,211.783,190,-3.90208,-11.5081,-19.3878,0,1
2.676,0.0628551,0.0508339,-0.0903783,0.0721394,0.0874464,-0.131191,217.319,190,24.992,3.92163,-11.5021,0,1
2.694,0.060597,0.0473812,-0.0917753,0.0691125,0.0827177,-0.131191,225.321,190,33.0364,18.8997,-15.9698,0,1
2.712,0.0609584,0.0454791,-0.0928522,0.0695969,0.0801127,-0.131191,236.291,190,21.7693,17.0442,-18.1915,0,1
2.729,0.0631462,0.044826,-0.0938276,0.0725297,0.0792182,-0.131191,0,190,4.47194,12.0149,-12.9669,0,1
2.745,0.0657768,0.0450691,-0.0943864,0.0760559,0.0795512,-0.131191,0,190,-6.50218,7.64478,-9.89074,0,1
2.762,0.0677223,0.0458484,-0.0942442,0.0786639,0.0806185,-0.131191,0,190,-19.6736,1.99292,-4.00695,0,1
2.779,0.0683084,0.0467243,-0.0931621,0.0794495,0.0818181,-0.131191,0,190,-20.0398,-2.79224,-5.74035,0,1
2.798,0.0671817,0.0474636,-0.0913943,0.0779392,0.0828306,-0.131191,0,190,-25.6428,-5.75855,-20.1446,0,1
2.815,0.0645117,0.0477506,-0.0899465,0.0743601,0.0832237,-0.131191,0,190,-13.2771,-5.19702,-25.8819,0,1
2.832,0.0609707,0.0476042,-0.0892099,0.0696134,0.0830232,-0.131191,173.162,190,-1.21653,-3.28052,-26.6388,0,1
2.848,0.0577149,0.0472804,-0.089154,0.0652491,0.0825797,-0.131191,181.109,190,24.6624,6.38745,-24.3927,0,1
2.865,0.0561299,0.0472741,-0.0893521,0.0631244,0.0825711,-0.131191,183.254,190,36.7351,3.46997,-10.5987,0,1
2.881,0.0568101,0.0477262,-0.0891692,0.0640362,0.0831902,-0.131191,0,190,28.9592,9.62231,-16.4093,0,1
2.898,0.0596337,0.0488613,-0.088773,0.0678212,0.0847448,-0.131191,0,190,14.3352,11.3923,-19.1193,0,1
2.915,0.0636205,0.0507731,-0.0884733,0.0731654,0.0873632,-0.131191,0,190,-2.73021,6.54614,-20.3155,0,1
2.932,0.0672463,0.0531201,-0.088331,0.0780258,0.0905775,-0.131191,0,190,-17.8669,-0.424077,-18.3868,0,1
2.949,0.0695611,0.0553864,-0.0881126,0.0811287,0.0936814,-0.131191,0,190,-24.7029,-5.58765,-11.4044,0,1
2.966,0.0702269,0.0572751,-0.0874776,0.0820212,0.0962681,-0.131191,0,190,-19.4172,-6.68628,-14.4806,0,1
2.982,0.0693196,0.0586651,-0.0864921,0.080805,0.0981718,-0.131191,0,190,-25.6672,-9.34742,-21.3165,0,1
3,0.0664027,0.0594071,-0.0857352,0.076895,0.099188,-0.131191,0,190,-23.6164,-13.9006,-29.0802,0,1
3.017,0.0615912,0.0591622,-0.0856285,0.0704452,0.0988526,-0.131191,167.673,190,-18.697,-21.0418,-28.6652,0,1
3.034,0.0558712,0.0574934,-0.0863346,0.0627776,0.0965671,-0.131191,184.979,190,-7.34447,-23.7029,-29.8126,0,1
3.05,0.0493279,0.0541328,-0.0876605,0.0540064,0.0919645,-0.131191,197.166,190,12.9436,-16.5496,-16.8487,0,1
3.067,0.0437448,0.0497906,-0.0889813,0.0465223,0.0860176,-0.131191,207.705,190,29.0813,-3.71997,-13.5284,0,1
3.084,0.0398674,0.0449108,-0.0900379,0.0413247,0.0793344,-0.131191,218.175,190,33.5857,12.8083,-15.9943,0,1
3.1,0.0385131,0.041259,-0.0908304,0.0395093,0.074333,-0.131191,229.968,190,28.0071,17.6301,-19.5343,0,1
3.118,0.0387974,0.0385918,-0.0918058,0.0398904,0.0706801,-0.131191,246.165,190,18.3635,22.1101,-20.9503,0,1
3.136,0.040797,0.0376072,-0.0929335,0.0425708,0.0693316,-0.131191,0,190,9.95289,22.1956,-12.3321,0,1
3.152,0.0435248,0.0380698,-0.0936549,0.0462274,0.0699652,-0.131191,0,190,2.46998,17.3005,-13.6749,0,1
3.169,0.0462079,0.039862,-0.0939089,0.0498241,0.0724197,-0.131191,0,190,-9.79808,11.2458,-10.965,0,1
3.185,0.0481771,0.0424011,-0.093726,0.0524638,0.0758972,-0.131191,0,190,-15.4621,3.79956,-15.2618,0,1
3.202,0.0489981,0.0452022,-0.0933094,0.0535643,0.0797335,-0.131191,0,190,-18.0256,-3.98852,-22.0734,0,1
3.22,0.0486154,0.0477354,-0.0931672,0.0530513,0.0832028,-0.131191,0,190,-12.4592,-11.3249,-26.4435,0,1
3.237,0.0472657,0.0493278,-0.0935533,0.051242,0.0853837,-0.131191,97.4958,190,4.25221,-10.0798,-20.5597,0,1
3.253,0.046242,0.0503178,-0.0941629,0.0498698,0.0867396,-0.131191,118.314,190,28.1414,-3.0852,-15.1153,0,1
3.269,0.0469917,0.0510364,-0.0944524,0.0508747,0.0877238,-0.131191,0,190,30.1067,-1.84008,-14.8224,0,1
3.286,0.0502179,0.0517276,-0.0943915,0.0551994,0.0886704,-0.131191,0,190,23.698,1.43141,-18.4845,0,1
3.302,0.0548947,0.0525087,-0.094234,0.0614686,0.0897402,-0.131191,0,190,14.7258,3.82398,-21.6339,0,1
3.314,0.0590204,0.0532336,-0.0941883,0.0669991,0.090733,-0.131191,0,190,-2.65698,5.52076,-20.2667,0,1
3.334,0.0654227,0.0547471,-0.094168,0.0755813,0.0928058,-0.131191,0,190,-19.4539,0.857675,-15.8234,0,1
3.351,0.0693929,0.0562172,-0.0938886,0.0809033,0.0948192,-0.131191,0,190,-30.2205,-3.28052,-10.4034,0,1
3.369,0.0710902,0.0574742,-0.0929386,0.0831785,0.0965408,-0.131191,0,190,-27.1443,-4.1106,-10.7941,0,1
3.385,0.0708108,0.0583155,-0.0914756,0.082804,0.097693,-0.131191,0,190,-28.0232,-9.28638,-14.798,0,1
3.402,0.0684579,0.058552,-0.0899465,0.0796499,0.0980169,-0.131191,0,190,-20.9797,-15.0847,-27.4933,0,1
3.418,0.0644406,0.0577903,-0.0886562,0.0742648,0.0969737,-0.131191,177.278,190,-10.1887,-14.45,-24.295,0,1
3.435,0.0601507,0.056033,-0.0878789,0.0685142,0.094567,-0.131191,192.085,190,18.4978,-9.40845,-21.0968,0,1
3.451,0.0569972,0.0536836,-0.0872541,0.064287,0.0913493,-0.131191,203.015,190,34.489,-2.86548,-13.5528,0,1
3.468,0.0561132,0.0511511,-0.0862279,0.063102,0.0878809,-0.131191,218.564,190,22.7459,-2.70679,-9.76867,0,1
3.484,0.0566852,0.0483473,-0.0846531,0.0638688,0.0840409,-0.131191,245.729,190,8.78101,0.711179,-14.3585,0,1
3.501,0.0580939,0.04548,-0.0829005,0.0657571,0.0801139,-0.131191,0,190,-6.61206,-2.0476,-15.3351,0,1
3.52,0.0591784,0.0422469,-0.0811022,0.0672109,0.075686,-0.131191,0,190,-20.0032,-2.75561,-17.1173,0,1
3.537,0.0587528,0.0390651,-0.0793496,0.0666404,0.0713283,-0.131191,0,190,-22.53,0.125256,-13.9679,0,1
3.554,0.0563953,0.0358848,-0.0776529,0.0634802,0.0669727,-0.131191,259.961,190,-22.8474,1.0896,-11.2091,0,1
3.571,0.0527819,0.0328411,-0.0759511,0.0586364,0.0628041,-0.131191,235.782,190,-8.84595,4.10474,-10.6476,0,1
3.588,0.0484494,0.0301229,-0.074229,0.0528288,0.0590814,-0.131191,220.954,190,12.4187,10.5134,-10.2814,0,1
3.605,0.0453759,0.0282308,-0.0725424,0.0487088,0.05649,-0.131191,214.784,190,38.1389,16.1042,-14.2364,0,1
3.622,0.0449153,0.0274897,-0.0708558,0.0480914,0.055475,-0.131191,214.226,190,31.6448,15.677,-23.2696,0,1
3.64,0.046528,0.0277846,-0.0694538,0.0502532,0.0558789,-0.131191,0,190,22.0134,9.68335,-23.9532,0,1
3.656,0.049984,0.028829,-0.0684835,0.0548859,0.0573093,-0.131191,0,190,13.3831,4.43433,-17.7521,0,1
3.672,0.0539962,0.0300981,-0.0674827,0.0602642,0.0590474,-0.131191,0,190,1.76196,-1.98657,-16.3361,0,1
3.688,0.0579836,0.0312297,-0.0662686,0.0656093,0.0605972,-0.131191,0,190,-12.4104,-6.46655,-16.8976,0,1
3.704,0.0612614,0.0319329,-0.0649681,0.0700031,0.0615603,-0.131191,0,190,-18.636,-7.51635,-22.6593,0,1
3.721,0.06333,0.0321512,-0.0638454,0.072776,0.0618593,-0.131191,0,190,-20.1497,-7.13794,-27.0294,0,1
3.739,0.0639659,0.0318856,-0.0632612,0.0736285,0.0614955,-0.131191,0,190,-18.3796,-2.59692,-28.1769,0,1
3.756,0.0634561,0.0314498,-0.0633882,0.0729451,0.0608987,-0.131191,0,190,0.419193,8.7312,-23.465,0,1
3.772,0.0626894,0.031603,-0.0637794,0.0719173,0.0611085,-0.131191,0,190,22.0378,22.281,-20.755,0,1
3.789,0.0633635,0.0331537,-0.0642366,0.0728209,0.0632323,-0.131191,0,190,27.8728,19.0095,-23.2452,0,1
3.805,0.0660991,0.0361014,-0.0649173,0.076488,0.0672693,-0.131191,0,190,17.9973,19.5222,-28.2745,0,1
3.822,0.0702031,0.0403365,-0.0662026,0.0819893,0.0730696,-0.131191,0,190,6.26636,14.6272,-26.7609,0,1
3.838,0.074704,0.0454667,-0.0678485,0.0880227,0.0800957,-0.131191,0,190,-8.30884,3.56763,-19.2657,0,1
3.855,0.0787745,0.0509276,-0.0694487,0.0934792,0.0875748,-0.131191,0,190,-16.0481,-6.23462,-12.2101,0,1
3.871,0.0812759,0.0555764,-0.0705612,0.0968323,0.0939416,-0.131191,0,190,-24.7639,-16.281,-14.6027,0,1
3.888,0.0821395,0.0591889,-0.071374,0.0979899,0.0988892,-0.131191,0,190,-29.1951,-17.9534,-19.7784,0,1
3.904,0.0813644,0.0615888,-0.0722579,0.0969509,0.102176,-0.131191,0,190,-28.0842,-20.6511,-26.6388,0,1
3.921,0.0782294,0.062619,-0.0737057,0.0927485,0.103587,-0.131191,113.392,190,-25.3987,-24.7405,-28.714,0,1
3.94,0.0727221,0.0617134,-0.0756107,0.085366,0.102347,-0.131191,164.994,190,-18.343,-27.6946,-26.3458,0,1
3.956,0.0665265,0.0588574,-0.0772617,0.0770609,0.0984352,-0.131191,190.43,190,-9.52954,-23.2512,-21.8292,0,1
3.973,0.0599093,0.054601,-0.0788772,0.0681906,0.0926057,-0.131191,203.637,190,6.40063,-11.1907,-19.1925,0,1
3.989,0.0536735,0.0495366,-0.0804621,0.0598316,0.0856697,-0.131191,212.589,190,35.9172,11.5632,-14.9689,0,1
4.006,0.0496664,0.0452572,-0.0817169,0.0544601,0.0798088,-0.131191,218.891,190,34.196,20.1692,-12.0636,0,1
4.022,0.0479687,0.0424597,-0.082489,0.0521844,0.0759774,-0.131191,225.477,190,30.1189,23.7825,-11.7706,0,1
4.039,0.0480199,0.0411891,-0.0827989,0.052253,0.0742373,-0.131191,235.891,190,17.802,21.3777,-11.1359,0,1
4.057,0.0493483,0.0413404,-0.0825906,0.0540337,0.0744445,-0.131191,0,190,-0.105719,16.0798,-9.67101,0,1
4.073,0.051046,0.042792,-0.0817169,0.0563095,0.0764325,-0.131191,0,190,-9.2854,9.91529,-13.5773,0,1
4.09,0.0517339,0.0448441,-0.0804367,0.0572316,0.079243,-0.131191,0,190,-20.5891,2.17603,-16.1407,0,1
4.106,0.0512251,0.0470359,-0.07906,0.0565496,0.0822448,-0.131191,0,190,-13.9241,-5.23365,-19.4855,0,1
4.123,0.0490432,0.0489583,-0.0778408,0.0536248,0.0848777,-0.131191,107.994,190,-15.2058,-11.7522,-27.1027,0,1
4.142,0.045555,0.0501334,-0.0770484,0.0489489,0.0864871,-0.131191,139.436,190,-2.02222,-14.4377,-25.3204,0,1
4.159,0.042399,0.0501677,-0.0768553,0.0447183,0.086534,-0.131191,160.464,190,20.9514,-5.844,-20.7306,0,1
4.175,0.0407753,0.0499067,-0.0768096,0.0425417,0.0861766,-0.131191,173.456,190,40.2385,5.74048,-19.5343,0,1
4.192,0.0416813,0.0498191,-0.0767944,0.0437562,0.0860566,-0.131191,0,190,34.8918,4.31225,-23.7579,0,1
4.209,0.0453716,0.0500746,-0.0771246,0.048703,0.0864065,-0.131191,0,190,28.9104,10.0007,-25.8087,0,1
4.225,0.0507154,0.0509886,-0.0781863,0.0558663,0.0876583,-0.131191,0,190,12.968,12.6252,-30.6671,0,1
4.242,0.0567788,0.0527108,-0.0797204,0.0639942,0.090017,-0.131191,0,190,-1.75366,9.80542,-16.7999,0,1
4.258,0.062735,0.0550401,-0.0811886,0.0719784,0.0932071,-0.131191,0,190,-15.2058,5.66723,-17.4591,0,1
4.274,0.0672546,0.0575347,-0.0822858,0.0780369,0.0966236,-0.131191,0,190,-24.5686,-6.33228,-11.8927,0,1
4.291,0.0705227,0.0600591,-0.0829005,0.0824178,0.100081,-0.131191,0,190,-26.6804,-6.51538,-16.7999,0,1
4.307,0.0718425,0.0621919,-0.083439,0.0841869,0.103002,-0.131191,0,190,-27.4006,-11.0198,-26.8585,0,1
4.324,0.0714318,0.0636021,-0.0844702,0.0836364,0.104933,-0.131191,0,190,-21.2483,-20.053,-30.3009,0,1
4.342,0.0692263,0.0635324,-0.0861416,0.08068,0.104838,-0.131191,0,190,-10.8357,-27.2185,-27.5177,0,1
4.359,0.0664377,0.0616138,-0.0877824,0.0769419,0.10221,-0.131191,186.105,190,8.29273,-22.3845,-18.045,0,1
4.375,0.0642791,0.0582182,-0.0893216,0.0740483,0.0975597,-0.131191,216.969,190,26.3225,-7.02808,-14.9444,0,1
4.393,0.0640387,0.0543334,-0.0905256,0.073726,0.0922392,-0.131191,240.58,190,37.8826,10.0862,-12.503,0,1
4.409,0.0659876,0.0511651,-0.0912927,0.0763385,0.0879,-0.131191,267.533,190,18.1438,9.04858,-16.7755,0,1
4.426,0.0696159,0.0487607,-0.091887,0.0812022,0.0846071,-0.131191,0,190,7.43823,16.3118,-19.0704,0,1
4.442,0.0734868,0.0474092,-0.0924103,0.0863911,0.0827561,-0.131191,0,190,-10.0544,14.5906,-14.09,0,1
4.46,0.0767983,0.0469944,-0.0926186,0.0908301,0.082188,-0.131191,0,190,-25.4109,12.6741,-10.0372,0,1
4.477,0.0781233,0.0474327,-0.0921918,0.0926063,0.0827883,-0.131191,0,190,-31.1116,5.58178,-10.4278,0,1
4.494,0.077176,0.0484674,-0.0908456,0.0913364,0.0842054,-0.131191,0,190,-24.8738,-0.533935,-4.81261,0,1
4.512,0.0737784,0.0494499,-0.089154,0.086782,0.085551,-0.131191,0,190,-26.9246,-4.00072,-16.1407,0,1
4.53,0.0686371,0.0501084,-0.0872998,0.0798901,0.0864528,-0.131191,164.248,190,-19.6125,-13.0217,-24.7589,0,1
4.548,0.0617626,0.0497616,-0.0859993,0.070675,0.0859779,-0.131191,175.2,190,-10.6404,-19.6746,-34.3292,0,1
4.565,0.0549311,0.0481713,-0.0858012,0.0615174,0.0837998,-0.131191,183.881,190,8.93969,-16.1589,-24.1486,0,1
4.582,0.0485937,0.0453467,-0.086045,0.0530222,0.0799314,-0.131191,193.364,190,41.9841,-2.46264,-18.753,0,1
4.6,0.045106,0.0422518,-0.0863143,0.048347,0.0756927,-0.131191,204.269,190,40.7634,8.0232,-18.2892,0,1
4.618,0.0447181,0.0398971,-0.0865632,0.047827,0.0724678,-0.131191,219.013,190,36.259,15.2131,-26.6876,0,1
4.634,0.046371,0.0387994,-0.0873201,0.0500427,0.0709644,-0.131191,251.249,190,12.4797,21.4143,-29.9591,0,1
4.65,0.049387,0.0389995,-0.0888187,0.0540856,0.0712385,-0.131191,0,190,8.28052,23.4895,-30.2765,0,1
4.666,0.052485,0.040673,-0.0903122,0.0582384,0.0735304,-0.131191,0,190,-4.17066,13.6384,-13.3575,0,1
4.683,0.0554977,0.0433366,-0.0915518,0.0622769,0.0771784,-0.131191,0,190,-13.1062,10.5134,-15.8478,0,1
4.699,0.0575786,0.0465982,-0.0923392,0.0650664,0.0816454,-0.131191,0,190,-17.342,2.51783,-7.98644,0,1
4.715,0.0582956,0.0499788,-0.0924814,0.0660275,0.0862753,-0.131191,0,190,-24.2268,-5.79517,-15.9943,0,1
4.732,0.0576721,0.053191,-0.0922934,0.0651917,0.0906746,-0.131191,0,190,-17.635,-10.5681,-22.7081,0,1
4.743,0.0562061,0.0548867,-0.092263,0.0632265,0.092997,-0.131191,99.4023,190,-18.8801,-15.9514,-25.589,0,1
4.76,0.0530894,0.0563867,-0.092644,0.0590486,0.0950514,-0.131191,129.093,190,-9.95679,-21.8474,-24.7589,0,1
4.776,0.0495411,0.0565283,-0.0935634,0.0542922,0.0952453,-0.131191,157.685,190,10.2336,-15.9758,-21.5362,0,1
4.793,0.0465941,0.0556357,-0.0945642,0.0503418,0.0940228,-0.131191,175.544,190,35.9539,-2.35279,-13.2355,0,1
4.811,0.0459883,0.0543501,-0.0951484,0.0495297,0.0922621,-0.131191,196.003,190,39.5916,5.06909,-14.8712,0,1
4.828,0.0479772,0.0535405,-0.0955548,0.0521958,0.0911533,-0.131191,0,190,21.0857,16.2873,-26.7853,0,1
4.846,0.0519659,0.0539349,-0.0965403,0.0575426,0.0916935,-0.131191,0,190,8.80542,17.8743,-21.6095,0,1
4.862,0.0561807,0.0555027,-0.0976833,0.0631925,0.0938407,-0.131191,0,190,0.773193,15.5061,-16.2872,0,1
4.878,0.0603322,0.0580124,-0.0985164,0.0687575,0.0972779,-0.131191,0,190,-11.8489,7.51049,-6.79015,0,1
4.894,0.0638647,0.0611213,-0.0986231,0.0734928,0.101536,-0.131191,0,190,-19.4294,-1.05884,-7.00988,0,1
4.911,0.0659231,0.064086,-0.0978103,0.0762521,0.105596,-0.131191,0,190,-26.6804,-10.2263,-6.76574,0,1
4.929,0.0661786,0.0665689,-0.0961898,0.0765945,0.108997,-0.131191,0,190,-35.0911,-14.9138,-25.0275,0,1
4.947,0.0645843,0.0678024,-0.0948131,0.0744574,0.110686,-0.131191,0,190,-22.1516,-21.0173,-26.9073,0,1
4.963,0.0610931,0.0675181,-0.0943102,0.0697775,0.110297,-0.131191,144.603,190,-20.1008,-28.8665,-31.6437,0,1
4.98,0.0568049,0.0653329,-0.0948334,0.0640292,0.107304,-0.131191,187.512,190,-2.20532,-24.6794,-32.0831,0,1
4.996,0.0522274,0.0613605,-0.0960272,0.0578931,0.101863,-0.131191,207.534,190,20.866,-17.2332,-18.0939,0,1
5.013,0.0492447,0.0565307,-0.0969721,0.0538949,0.0952486,-0.131191,222.841,190,45.6462,3.177,-13.504,0,1
5.029,0.0491105,0.0517831,-0.0973836,0.053715,0.0887464,-0.131191,240.409,190,41.7766,17.2273,-13.1622,0,1
5.046,0.051287,0.0482078,-0.0975563,0.0566325,0.0838498,-0.131191,265.91,190,17.5701,22.1834,-18.8263,0,1
5.062,0.0550098,0.0461042,-0.097856,0.0616229,0.0809688,-0.131191,0,190,3.3977,21.7683,-21.1212,0,1
5.079,0.0590538,0.0453342,-0.098298,0.0670438,0.0799142,-0.131191,0,190,-12.6179,16.9465,-11.4044,0,1
5.096,0.0623061,0.0457034,-0.0982218,0.0714035,0.0804199,-0.131191,0,190,-22.4202,9.53687,-7.25402,0,1
5.112,0.0638584,0.0467864,-0.0972566,0.0734843,0.0819031,-0.131191,0,190,-28.8166,2.46899,-3.17687,0,1
5.129,0.06361,0.0481023,-0.0956564,0.0731514,0.0837053,-0.131191,0,190,-16.7683,1.11401,-12.8693,0,1
5.147,0.0614366,0.0495266,-0.0937666,0.070238,0.085656,-0.131191,0,190,-20.113,-0.729241,-17.5323,0,1
5.165,0.0577513,0.050754,-0.0920953,0.0652979,0.087337,-0.131191,146.989,190,-12.6057,-7.69946,-30.0079,0,1
5.181,0.053715,0.0512664,-0.0913638,0.0598872,0.0880388,-0.131191,162.267,190,7.52369,-8.8103,-34.7931,0,1
5.198,0.0500688,0.0512483,-0.0915924,0.0549996,0.088014,-0.131191,171.388,190,38.6394,-5.08715,-27.6886,0,1
5.214,0.0488446,0.0510264,-0.0925373,0.0533585,0.0877101,-0.131191,178.248,190,40.3972,-6.57641,-24.5636,0,1
5.23,0.0500276,0.0502578,-0.0937158,0.0549443,0.0866574,-0.131191,0,190,24.1375,4.47095,-10.2325,0,1
5.246,0.0533535,0.0498624,-0.0948284,0.0594027,0.0861159,-0.131191,0,190,17.9607,12.9426,-16.0431,0,1
5.262,0.0577135,0.0502695,-0.0957885,0.0652472,0.0866735,-0.131191,0,190,4.04468,15.8723,-17.337,0,1
5.278,0.0618055,0.0516603,-0.0966216,0.0707325,0.0885783,-0.131191,0,190,-15.4011,11.9783,-16.4825,0,1
5.295,0.0650328,0.0538109,-0.0973684,0.0750586,0.0915236,-0.131191,0,190,-24.6907,7.22974,-18.0939,0,1
5.311,0.0664492,0.0562512,-0.0979627,0.0769573,0.0948658,-0.131191,0,190,-27.071,0.17407,-13.8214,0,1
5.327,0.0662805,0.0589143,-0.0983488,0.0767311,0.0985131,-0.131191,0,190,-27.0466,-5.66088,-18.2892,0,1
5.338,0.0653095,0.0604206,-0.0985063,0.0754295,0.100576,-0.131191,0,190,-19.9543,-5.42895,-18.7286,0,1
5.358,0.0616916,0.0625277,-0.0988517,0.0705798,0.103462,-0.131191,127.162,190,-13.3503,-12.2649,-24.5148,0,1
5.369,0.0591257,0.0632539,-0.0992581,0.0671402,0.104456,-0.131191,148.762,190,-0.984612,-10.8489,-23.88,0,1
5.386,0.0554934,0.063677,-0.100167,0.0622712,0.105036,-0.131191,161.647,190,31.1321,-8.65161,-22.8058,0,1
5.402,0.0539754,0.0636266,-0.101336,0.0602363,0.104967,-0.131191,171.895,190,36.137,-4.19604,-22.5861,0,1
5.42,0.0549783,0.0632179,-0.102829,0.0615807,0.104407,-0.131191,0,190,32.3772,-7.01587,-23.5138,0,1
5.436,0.0582831,0.0624738,-0.104399,0.0660107,0.103388,-0.131191,0,190,18.4124,-2.14526,-23.9777,0,1
5.453,0.0631784,0.0615586,-0.106162,0.0725728,0.102135,-0.131191,0,190,1.27369,3.95826,-22.3175,0,1
5.47,0.0675198,0.0609632,-0.107757,0.0783924,0.101319,-0.131191,0,190,-14.6687,6.9734,-17.5323,0,1
5.486,0.071008,0.0606873,-0.109296,0.0830683,0.100941,-0.131191,0,190,-27.0344,5.33766,-12.0636,0,1
5.503,0.0726838,0.0607329,-0.110343,0.0853147,0.101004,-0.131191,0,190,-25.8625,3.17701,-7.5714,0,1
5.519,0.0725576,0.0609599,-0.110592,0.0851455,0.101315,-0.131191,0,190,-23.8606,-2.9265,-7.7423,0,1
5.536,0.07066,0.0610756,-0.109977,0.0826018,0.101473,-0.131191,0,190,-19.1853,-8.95678,-13.797,0,1
5.55,0.0679765,0.0607057,-0.108946,0.0790046,0.100967,-0.131191,180.331,190,-16.9148,-13.7053,-11.2091,0,1
5.567,0.0635129,0.0592971,-0.107366,0.0730212,0.0990374,-0.131191,190.417,190,1.94507,-13.4123,-27.3956,0,1
5.584,0.0588786,0.0571013,-0.105974,0.066809,0.0960301,-0.131191,198.641,190,14.0422,-4.37914,-18.2892,0,1
5.6,0.0554328,0.0546537,-0.104678,0.0621899,0.0926779,-0.131191,205.756,190,37.614,4.22682,-17.7277,0,1
5.617,0.0544264,0.0523886,-0.103342,0.0608409,0.0895757,-0.131191,217.246,190,33.6467,7.62038,-18.1183,0,1
5.634,0.0554568,0.0506875,-0.101935,0.0622221,0.0872459,-0.131191,241.92,190,27.824,10.9163,-17.2638,0,1
5.65,0.0586528,0.0496912,-0.100472,0.0665063,0.0858814,-0.131191,0,190,13.8225,13.7483,-23.0255,0,1
5.667,0.0624339,0.0496098,-0.099314,0.0715748,0.08577,-0.131191,0,190,-1.14331,13.6018,-21.6583,0,1
5.684,0.06636,0.0504251,-0.0983082,0.0768377,0.0868866,-0.131191,0,190,-17.8914,11.0506,-20.7306,0,1
5.7,0.0689458,0.0520107,-0.0974344,0.0803039,0.0890582,-0.131191,0,190,-25.1179,5.0447,-15.2862,0,1
5.717,0.0697542,0.0539051,-0.0963574,0.0813876,0.0916527,-0.131191,0,190,-23.7263,-1.75462,-14.1144,0,1
5.734,0.0689196,0.055684,-0.0949249,0.0802688,0.094089,-0.131191,0,190,-23.3113,-8.51732,-17.2638,0,1
5.752,0.065725,0.0569585,-0.0932536,0.0759865,0.0958345,-0.131191,0,190,-21.7366,-16.3054,-26.5411,0,1
5.769,0.0613472,0.0569788,-0.0922477,0.0701181,0.0958623,-0.131191,159.917,190,-14.3391,-19.6623,-32.0343,0,1
5.786,0.0563951,0.0558096,-0.0921461,0.0634799,0.094261,-0.131191,179.425,190,4.05688,-12.863,-31.2286,0,1
5.803,0.0516858,0.0537189,-0.0929589,0.0571671,0.0913976,-0.131191,192.994,190,36.8206,4.95925,-35.0372,0,1
5.82,0.0493832,0.0519215,-0.0944778,0.0540805,0.088936,-0.131191,202.914,190,35.9661,12.0637,-23.0011,0,1
5.836,0.049571,0.0510611,-0.0962406,0.0543323,0.0877576,-0.131191,214.832,190,32.8166,23.5017,-33.7189,0,1
5.852,0.05203,0.0516103,-0.0978713,0.0576285,0.0885098,-0.131191,0,190,28.8127,22.4763,-40.4816,0,1
5.869,0.0564715,0.0538423,-0.0994867,0.0635823,0.0915666,-0.131191,0,190,9.42798,22.3299,-37.503,0,1
5.885,0.0615229,0.0575589,-0.101178,0.0703536,0.0966568,-0.131191,0,190,-2.07105,18.5335,-35.7452,0,1
5.902,0.0663681,0.0624364,-0.102814,0.0768486,0.103337,-0.131191,0,190,-13.2771,9.20729,-19.7052,0,1
5.919,0.0703047,0.0679259,-0.104419,0.0821255,0.110855,-0.131191,0,190,-19.9299,0.601335,-14.3829,0,1
5.935,0.0728891,0.0734362,-0.10572,0.0855899,0.118402,-0.131191,0,190,-18.9534,-8.27318,-12.088,0,1
5.952,0.0738201,0.0784021,-0.106619,0.0868379,0.125203,-0.131191,0,190,-23.2869,-18.9299,-17.337,0,1
5.971,0.0730782,0.0822701,-0.107432,0.0858434,0.1305,-0.131191,0,190,-22.7131,-25.5828,-26.3946,0,1
5.987,0.0706608,0.0838231,-0.108549,0.0826029,0.132627,-0.131191,102.108,190,-18.3308,-33.6516,-27.1027,0,1
6.003,0.0671312,0.0833832,-0.110134,0.0778715,0.132025,-0.131191,143.326,190,-14.2415,-37.1794,-26.7609,0,1
6.021,0.0624831,0.0800684,-0.111892,0.0716408,0.127485,-0.131191,191.739,190,-0.435306,-29.5989,-22.171,0,1
6.037,0.0580444,0.0750481,-0.113477,0.0656908,0.120609,-0.131191,214.82,190,12.4797,-12.3137,-15.2374,0,1
6.054,0.0543752,0.0689258,-0.114976,0.0607722,0.112224,-0.131191,228.578,190,29.1912,7.43727,-17.337,0,1
6.071,0.0527819,0.0635559,-0.116235,0.0586364,0.10487,-0.131191,239.565,190,23.9788,16.2263,-15.5548,0,1
6.087,0.0528512,0.0592027,-0.117282,0.0587293,0.0989081,-0.131191,251.854,190,15.3728,19.4246,-12.5763,0,1
6.104,0.0537609,0.0561093,-0.117917,0.0599488,0.0946715,-0.131191,267.256,190,4.38647,16.739,-7.54699,0,1
6.121,0.0556282,0.054117,-0.117744,0.0624519,0.0919429,-0.131191,0,190,-3.18188,8.719,-2.17589,0,1
6.138,0.0570408,0.0528546,-0.116439,0.0643454,0.0902139,-0.131191,0,190,-8.80933,0.161875,0.802612,0,1
6.155,0.0577065,0.0516312,-0.114793,0.0652378,0.0885384,-0.131191,0,190,-16.4753,-3.58569,-15.8722,0,1
6.173,0.0571714,0.0500589,-0.112883,0.0645205,0.086385,-0.131191,0,190,-16.5364,-6.24682,-19.4611,0,1
6.19,0.0552372,0.0481694,-0.111399,0.0619277,0.0837972,-0.131191,0,190,-12.3127,-5.05053,-30.4962,0,1
6.207,0.0527608,0.0459928,-0.110688,0.0586082,0.0808162,-0.131191,228.745,190,8.78101,-2.07201,-29.007,0,1
6.224,0.0507492,0.0436514,-0.110703,0.0559116,0.0776095,-0.131191,224.934,190,32.8044,6.43628,-25.882,0,1
6.241,0.0510795,0.041757,-0.111211,0.0563544,0.075015,-0.131191,237.041,190,39.5305,13.9314,-25.6134,0,1
6.258,0.054522,0.0409552,-0.112126,0.060969,0.0739169,-0.131191,0,190,26.6765,21.0847,-27.5421,0,1
6.276,0.059814,0.0416512,-0.113487,0.0680629,0.0748701,-0.131191,0,190,17.3748,21.6096,-21.6095,0,1
6.293,0.0665728,0.0440847,-0.115103,0.077123,0.078203,-0.131191,0,190,4.05689,19.8396,-17.7765,0,1
6.311,0.0734195,0.0480346,-0.116444,0.0863009,0.0836126,-0.131191,0,190,-10.3474,12.8572,-8.15735,0,1
6.328,0.0795923,0.0528998,-0.117104,0.0945755,0.0902758,-0.131191,0,190,-23.9949,3.97046,-11.6974,0,1
6.346,0.0838667,0.0580058,-0.117221,0.100305,0.0972688,-0.131191,0,190,-32.7473,-4.87964,-15.1154,0,1
6.365,0.0856542,0.0629914,-0.11715,0.102701,0.104097,-0.131191,0,190,-32.5032,-11.9597,-24.0265,0,1
6.382,0.0850437,0.066703,-0.117328,0.101883,0.10918,-0.131191,0,190,-28.2795,-17.9045,-30.7404,0,1
6.399,0.0820451,0.0690043,-0.118369,0.0978634,0.112332,-0.131191,99.4041,190,-21.9441,-28.8054,-30.7404,0,1
6.415,0.0779436,0.0692925,-0.119949,0.0923654,0.112727,-0.131191,140.744,190,-7.78394,-30.0872,-29.5197,0,1
6.432,0.0732081,0.0677301,-0.121539,0.0860175,0.110587,-0.131191,175.04,190,7.40161,-26.4373,-24.0753,0,1
6.448,0.0690536,0.0642062,-0.1232,0.0804485,0.105761,-0.131191,200.271,190,31.1077,-14.4622,-18.4357,0,1
6.465,0.0669651,0.0595972,-0.124826,0.0776488,0.0994484,-0.131191,221.448,190,32.6335,3.79956,-14.6027,0,1
6.482,0.0670686,0.0552991,-0.126091,0.0777876,0.0935618,-0.131191,243.716,190,20.5242,11.5266,-11.2579,0,1
6.498,0.0683013,0.0518062,-0.126822,0.07944,0.0887781,-0.131191,266.528,190,4.42309,18.6555,-9.08508,0,1
6.516,0.0702805,0.0493918,-0.126827,0.0820931,0.0854714,-0.131191,0,190,-7.94263,15.1643,-2.8595,0,1
6.532,0.0714171,0.0482031,-0.125725,0.0836167,0.0838434,-0.131191,0,190,-22.5544,11.2825,2.85339,0,1
6.55,0.0711437,0.0477562,-0.124049,0.0832502,0.0832313,-0.131191,0,190,-16.2068,3.29908,-4.29993,0,1
6.568,0.0688215,0.0476057,-0.122144,0.0801373,0.0830252,-0.131191,0,190,-23.7019,-1.42504,-1.02844,0,1
6.586,0.0650432,0.0475546,-0.120396,0.0750726,0.0829552,-0.131191,185.809,190,-15.4255,-2.58471,-2.73743,0,1
6.602,0.0604516,0.0472924,-0.118775,0.0689176,0.0825961,-0.131191,182.484,190,-6.66089,-4.96508,-5.52063,0,1
6.619,0.0554537,0.046648,-0.117145,0.062218,0.0817136,-0.131191,184.098,190,2.26245,-9.39623,-15.8478,0,1
6.635,0.0506834,0.0454114,-0.115575,0.0558234,0.08002,-0.131191,188.489,190,24.052,-1.42504,-30.5695,0,1
6.652,0.0476668,0.0440887,-0.11463,0.0517797,0.0782085,-0.131191,194.068,190,38.0901,-2.09643,-23.2697,0,1
6.668,0.047161,0.0426908,-0.114137,0.0511017,0.0762939,-0.131191,205.51,190,37.6262,4.43433,-20.34,0,1
6.684,0.048857,0.0416401,-0.11367,0.0533752,0.0748549,-0.131191,0,190,27.3113,17.5203,-13.089,0,1
6.701,0.0526905,0.0417426,-0.112883,0.0585139,0.0749953,-0.131191,0,190,17.1428,22.7937,-14.8712,0,1
6.717,0.0576096,0.04324,-0.111755,0.0651079,0.0770461,-0.131191,0,190,9.19605,22.1101,-16.3117,0,1
6.733,0.0628479,0.0461218,-0.110449,0.0721298,0.0809929,-0.131191,0,190,-6.35571,13.7971,-18.5089,0,1
6.75,0.0678962,0.0500092,-0.109129,0.078897,0.086317,-0.131191,0,190,-20.8332,5.60621,-19.6564,0,1
6.764,0.0710711,0.0536296,-0.108036,0.0831529,0.0912753,-0.131191,0,190,-25.7771,-3.40259,-18.6066,0,1
6.78,0.0730812,0.0574245,-0.106777,0.0858474,0.0964727,-0.131191,0,190,-27.657,-10.5925,-16.2628,0,1
6.801,0.0731626,0.0616086,-0.104846,0.0859565,0.102203,-0.131191,0,190,-28.0476,-13.9861,-17.6056,0,1
6.812,0.0719678,0.0631469,-0.1038,0.0843549,0.10431,-0.131191,0,190,-24.4587,-17.9778,-20.1202,0,1
6.825,0.069539,0.0641632,-0.102672,0.0810991,0.105702,-0.131191,117.729,190,-20.467,-22.946,-22.757,0,1
6.841,0.0655448,0.0641305,-0.101493,0.0757449,0.105657,-0.131191,161.683,190,-7.91821,-25.2166,-24.4659,0,1
6.859,0.0606873,0.0622284,-0.100609,0.0692335,0.103052,-0.131191,184.655,190,12.9436,-22.7141,-20.5353,0,1
6.876,0.0570569,0.0586606,-0.0998626,0.064367,0.0981656,-0.131191,203.79,190,39.9089,0.198484,-18.8507,0,1
6.893,0.0562233,0.055074,-0.0991057,0.0632496,0.0932535,-0.131191,224.174,190,27.2869,8.35278,-19.2169,0,1
6.91,0.0571916,0.0522833,-0.0983742,0.0645476,0.0894315,-0.131191,250.633,190,19.157,22.4031,-17.7277,0,1
6.927,0.0596922,0.0509497,-0.0975563,0.0678996,0.087605,-0.131191,0,190,1.92066,19.7786,-11.7706,0,1
6.944,0.0624147,0.0509094,-0.0962406,0.0715491,0.0875498,-0.131191,0,190,-11.6291,16.4216,-9.42688,0,1
6.961,0.0641551,0.0520161,-0.0945032,0.0738821,0.0890655,-0.131191,0,190,-24.5076,6.07006,-0.686647,0,1
6.979,0.0641663,0.0538007,-0.0926592,0.0738971,0.0915097,-0.131191,0,190,-26.7414,-3.21949,1.09558,0,1
6.995,0.0623146,0.0551625,-0.0910539,0.0714149,0.0933747,-0.131191,0,190,-21.5535,-5.844,0.949086,0,1
7.012,0.0587507,0.0561463,-0.0894131,0.0666375,0.0947221,-0.131191,142.612,190,-21.7366,-8.63941,-5.00794,0,1
7.029,0.0537616,0.0565548,-0.0877011,0.0599497,0.0952816,-0.131191,165.174,190,-15.9748,-13.1316,-13.3575,0,1
7.046,0.0478331,0.056104,-0.0860603,0.0520026,0.0946642,-0.131191,176.28,190,-3.29174,-12.3015,-21.6339,0,1
7.062,0.041813,0.0548476,-0.0844956,0.0439328,0.0929435,-0.131191,184.385,190,22.5017,-8.46852,-19.9005,0,1
7.079,0.037478,0.0530662,-0.0829361,0.0381217,0.0905037,-0.131191,192.092,190,44.8162,-4.58668,-13.1622,0,1
7.095,0.0361041,0.0510238,-0.0812749,0.03628,0.0877065,-0.131191,203.419,190,38.5784,3.17699,-11.6486,0,1
7.112,0.0370672,0.0492341,-0.0796646,0.0375711,0.0852554,-0.131191,229.788,190,27.7874,16.1042,-11.795,0,1
7.128,0.0402255,0.0485502,-0.0780085,0.0418047,0.0843188,-0.131191,0,190,9.06177,17.093,-15.0421,0,1
7.145,0.0439575,0.0489089,-0.0763676,0.0468074,0.08481,-0.131191,0,190,-5.86743,13.7727,-16.8488,0,1
7.163,0.0472604,0.050449,-0.0745846,0.0512349,0.0869193,-0.131191,0,190,-21.346,7.32738,-14.5783,0,1
7.181,0.0490555,0.0526835,-0.0727354,0.0536412,0.0899796,-0.131191,0,190,-26.1067,-0.973395,-14.6271,0,1
7.197,0.0487607,0.0546542,-0.0710794,0.0532461,0.0926786,-0.131191,0,190,-23.824,-4.24488,-16.1408,0,1
7.214,0.0466492,0.0562448,-0.0694842,0.0504156,0.094857,-0.131191,96.0199,190,-23.7751,-7.98023,-25.3693,0,1
7.23,0.0428826,0.0573447,-0.0682346,0.0453665,0.0963634,-0.131191,142.943,190,-20.6013,-9.79908,-33.255,0,1
7.246,0.0380554,0.0577243,-0.0679704,0.0388957,0.0968833,-0.131191,163.998,190,-5.67212,-8.63941,-34.1339,0,1
7.263,0.0328198,0.0574731,-0.0687883,0.0318775,0.0965393,-0.131191,174.924,190,24.3206,-0.79029,-36.5021,0,1
7.279,0.0292898,0.057183,-0.0702412,0.0271456,0.096142,-0.131191,180.682,190,42.8508,3.09155,-15.6769,0,1
7.296,0.0285343,0.0572237,-0.0718871,0.0261328,0.0961977,-0.131191,183.01,190,44.2424,13.3577,-23.5382,0,1
7.312,0.0305884,0.0580691,-0.0735635,0.0288863,0.0973555,-0.131191,0,190,33.0486,16.1409,-32.7667,0,1
7.329,0.0352789,0.0601566,-0.0751789,0.0351739,0.100214,-0.131191,0,190,13.3708,19.9006,-26.5411,0,1
7.345,0.0407811,0.0634063,-0.0768198,0.0425495,0.104665,-0.131191,0,190,1.35913,18.3259,-23.9533,0,1
7.361,0.0462519,0.0678078,-0.0783793,0.0498831,0.110693,-0.131191,0,190,-12.5447,11.3923,-8.62122,0,1
7.379,0.0512589,0.0733989,-0.0794918,0.0565949,0.118351,-0.131191,0,190,-23.2014,2.23705,-8.91419,0,1
7.39,0.0534493,0.0768942,-0.0797204,0.0595311,0.123138,-0.131191,0,190,-23.8484,-3.53688,-6.44837,0,1
7.406,0.0550938,0.082137,-0.0793699,0.0617355,0.130318,-0.131191,0,190,-30.0129,-14.3279,-8.27942,0,1
7.423,0.0546529,0.08646,-0.0783488,0.0611445,0.136239,-0.131191,0,190,-36.4094,-17.0623,-21.2677,0,1
7.44,0.0519206,0.0895378,-0.0772312,0.0574819,0.140454,-0.131191,96.894,190,-27.303,-26.9011,-25.5646,0,1
7.456,0.0473203,0.0907195,-0.0764896,0.0513152,0.142072,-0.131191,132.168,190,-19.3562,-34.1155,-24.4659,0,1
7.473,0.0413709,0.0897993,-0.0761898,0.0433401,0.140812,-0.131191,165.887,190,-6.48999,-32.3943,-18.8019,0,1
7.49,0.0349233,0.0865478,-0.0760222,0.0346972,0.136359,-0.131191,189.977,190,11.4299,-21.1394,-13.4064,0,1
7.506,0.0295077,0.0818652,-0.0755498,0.0274377,0.129946,-0.131191,206.431,190,39.4695,0.759998,-14.09,0,1
7.523,0.0265987,0.0772006,-0.0745896,0.0235382,0.123557,-0.131191,220.46,190,38.0779,12.1125,-15.0665,0,1
7.539,0.026311,0.0734736,-0.0734212,0.0231525,0.118453,-0.131191,236.626,190,31.0222,24.4661,-23.0499,0,1
7.556,0.0276399,0.071264,-0.0725018,0.0249339,0.115427,-0.131191,260.008,190,12.1868,21.0359,-18.631,0,1
7.574,0.0308547,0.0704899,-0.0713486,0.0292433,0.114367,-0.131191,0,190,1.39575,16.8977,-11.5753,0,1
7.591,0.0336706,0.071011,-0.0698246,0.033018,0.11508,-0.131191,0,190,-12.4104,9.18285,-11.2335,0,1
7.609,0.035538,0.0722984,-0.0679704,0.0355212,0.116843,-0.131191,0,190,-24.1047,-2.58473,-10.0372,0,1
7.625,0.0356872,0.0732382,-0.0664312,0.0357212,0.118131,-0.131191,0,190,-25.0081,-7.71169,-12.796,0,1
7.641,0.0342607,0.0737301,-0.0648665,0.033809,0.118804,-0.131191,0,190,-20.5891,-10.6048,-19.9738,0,1
7.658,0.0311398,0.073492,-0.0633476,0.0296255,0.118478,-0.131191,0,190,-21.0164,-16.4885,-31.4484,0,1
7.674,0.0268528,0.0722258,-0.0626821,0.0238788,0.116744,-0.131191,186.537,190,-4.09741,-17.9412,-34.5734,0,1
7.691,0.0224218,0.069816,-0.0630733,0.0179391,0.113444,-0.131191,198.295,190,25.3704,-6.75954,-26.4679,0,1
7.707,0.0200034,0.0669659,-0.0641248,0.0146973,0.10954,-0.131191,210.371,190,49.8577,4.31224,-21.8781,0,1
7.724,0.0207994,0.0644333,-0.0652272,0.0157643,0.106072,-0.131191,232.159,190,36.3689,15.4206,-17.4835,0,1
7.74,0.024541,0.0631287,-0.0662686,0.0207799,0.104285,-0.131191,0,190,31.6326,28.7019,-21.3654,0,1
7.76,0.0317371,0.0638759,-0.0676199,0.0304261,0.105308,-0.131191,0,190,9.01294,23.6726,-17.6056,0,1
7.778,0.0391043,0.0665404,-0.0689508,0.0403018,0.108958,-0.131191,0,190,-11.2874,19.4978,-18.5822,0,1
7.796,0.0456434,0.0707471,-0.0702107,0.0490674,0.114719,-0.131191,0,190,-29.4514,6.98558,-13.382,0,1
7.814,0.0495221,0.0751391,-0.0709371,0.0542667,0.120734,-0.131191,0,190,-35.4329,-1.85231,-13.3087,0,1
7.831,0.0508461,0.0793737,-0.0712267,0.0560415,0.126534,-0.131191,0,190,-32.3079,-6.46657,-13.9679,0,1
7.848,0.0499691,0.0833267,-0.0713232,0.0548659,0.131947,-0.131191,0,190,-28.1575,-11.1297,-23.2208,0,1
7.865,0.0470684,0.0861323,-0.0716737,0.0509776,0.13579,-0.131191,102.582,190,-19.405,-19.6013,-28.299,0,1
7.881,0.0428875,0.0877043,-0.0726084,0.0453731,0.137943,-0.131191,133.692,190,-0.0202634,-23.1414,-22.7325,0,1
7.898,0.0388662,0.0878744,-0.0737413,0.0399826,0.138176,-0.131191,157.726,190,32.6457,-17.3186,-11.4044,0,1
7.914,0.0370571,0.0869724,-0.0743814,0.0375575,0.13694,-0.131191,175.203,190,41.8743,-14.8894,-9.23157,0,1
7.931,0.0379955,0.0848019,-0.0743509,0.0388154,0.133968,-0.131191,0,190,20.0969,-8.48073,-12.381,0,1
7.947,0.040578,0.0821661,-0.0738022,0.0422773,0.130358,-0.131191,0,190,-1.59498,1.8098,-13.4552,0,1
7.964,0.0432155,0.0797072,-0.0730301,0.0458128,0.12699,-0.131191,0,190,-20.1008,4.28783,-14.1876,0,1
7.981,0.0445831,0.0773086,-0.0719277,0.047646,0.123705,-0.131191,0,190,-28.7922,2.63988,-16.6779,0,1
7.999,0.0436775,0.0750203,-0.070231,0.0464321,0.120571,-0.131191,0,190,-26.9734,1.63891,-3.76282,0,1
8.016,0.040264,0.0729458,-0.0684936,0.0418563,0.11773,-0.131191,246.418,190,-20.0642,1.29711,-3.88489,0,1
8.033,0.0358105,0.0711434,-0.0668934,0.0358865,0.115262,-0.131191,215.099,190,-9.4563,0.332755,-6.83899,0,1
8.049,0.0305942,0.0693169,-0.0652526,0.0288941,0.11276,-0.131191,203.554,190,11.6619,3.44555,-11.7462,0,1
8.066,0.0262993,0.067754,-0.0636016,0.0231368,0.11062,-0.131191,200.394,190,38.5295,6.46069,-21.0236,0,1
8.083,0.0246052,0.0666237,-0.0620573,0.0208659,0.109072,-0.131191,201.967,190,33.6467,-0.887947,-28.006,0,1
8.1,0.0251606,0.0654245,-0.061087,0.0216104,0.107429,-0.131191,215.616,190,24.8821,-3.57349,-22.6105,0,1
8.117,0.0277548,0.0640144,-0.0604571,0.0250879,0.105498,-0.131191,0,190,8.39037,-9.65259,-14.6027,0,1
8.134,0.0308034,0.062086,-0.0596494,0.0291745,0.102857,-0.131191,0,190,-2.47389,-10.7634,-14.1876,0,1
8.152,0.0336745,0.0591434,-0.0583082,0.0330232,0.0988268,-0.131191,0,190,-13.7898,-6.78394,-18.5089,0,1
8.168,0.0352349,0.0559456,-0.0569366,0.0351149,0.0944473,-0.131191,0,190,-21.1262,-1.87671,-24.0265,0,1
8.188,0.0356278,0.052311,-0.0558648,0.0356416,0.0894694,-0.131191,0,190,-18.5628,2.24926,-27.7374,0,1
8.206,0.0343006,0.0485835,-0.0554177,0.0338625,0.0843644,-0.131191,0,190,-6.40455,7.364,-24.7833,0,1
8.222,0.0327003,0.0460415,-0.0554228,0.0317173,0.0808829,-0.131191,255.645,190,13.5051,18.8752,-17.0441,0,1
8.239,0.0321119,0.0448103,-0.0553872,0.0309286,0.0791967,-0.131191,244.885,190,30.9001,19.7053,-14.9933,0,1
8.255,0.0333287,0.04489,-0.0551383,0.0325597,0.0793059,-0.131191,0,190,26.3591,17.4958,-22.9767,0,1
8.272,0.0367485,0.0462815,-0.0550164,0.0371439,0.0812116,-0.131191,0,190,17.1306,16.0188,-25.7111,0,1
8.288,0.0411088,0.0485973,-0.055372,0.0429888,0.0843833,-0.131191,0,190,4.7893,8.03539,-23.0011,0,1
8.304,0.0458602,0.0514579,-0.0562254,0.049358,0.0883011,-0.131191,0,190,-7.63746,-0.741474,-20.7794,0,1
8.321,0.0498997,0.0541845,-0.0571094,0.0547729,0.0920353,-0.131191,0,190,-21.9075,-8.85915,-8.59681,0,1
8.338,0.0527807,0.0564593,-0.0577342,0.0586348,0.0951508,-0.131191,0,190,-15.8284,-12.4114,-15.5304,0,1
8.354,0.0540914,0.0578122,-0.0579679,0.0603918,0.0970037,-0.131191,0,190,-21.7854,-11.7278,-21.6583,0,1
8.37,0.0540495,0.0583582,-0.0582168,0.0603356,0.0977515,-0.131191,0,190,-25.5086,-14.0349,-27.1027,0,1
8.387,0.0522106,0.0580179,-0.0590956,0.0578706,0.0972854,-0.131191,0,190,-19.2708,-13.8884,-30.4474,0,1
8.404,0.0487418,0.0565541,-0.0607212,0.0532207,0.0952806,-0.131191,193.234,190,-16.5608,-14.5476,-22.2687,0,1
8.424,0.0436876,0.0537676,-0.0626466,0.0464456,0.0914643,-0.131191,203.895,190,-8.69947,-10.6902,-18.5577,0,1
8.44,0.0386194,0.0505958,-0.0641909,0.0396518,0.0871204,-0.131191,208.639,190,9.3059,2.11497,-13.6993,0,1
8.457,0.0344523,0.0476344,-0.0654152,0.0340658,0.0830645,-0.131191,211.973,190,30.0701,15.4328,-20.4376,0,1
8.473,0.0321527,0.04559,-0.0666852,0.0309832,0.0802646,-0.131191,215.335,190,27.3601,18.4358,-22.3663,0,1
8.49,0.0317187,0.044818,-0.0681838,0.0304015,0.0792073,-0.131191,219.939,190,27.4944,21.219,-20.7794,0,1
8.508,0.0331003,0.0455393,-0.0700278,0.0322535,0.0801951,-0.131191,0,190,13.0779,14.8835,-16.3849,0,1
8.525,0.0357429,0.0474019,-0.0714807,0.0357959,0.0827461,-0.131191,0,190,6.71801,11.7219,-13.4064,0,1
8.541,0.0385247,0.0499704,-0.072517,0.0395248,0.0862638,-0.131191,0,190,-3.65797,6.8513,-15.6281,0,1
8.557,0.0409242,0.0530086,-0.0733704,0.0427413,0.0904248,-0.131191,0,190,-17.4763,-0.948993,-20.5597,0,1
8.573,0.0421557,0.0558428,-0.0743153,0.0443921,0.0943065,-0.131191,0,190,-21.6755,-8.96901,-23.0499,0,1
8.59,0.0421031,0.0580936,-0.0755244,0.0443216,0.0973891,-0.131191,0,190,-21.9685,-13.6443,-21.8048,0,1
8.607,0.0406989,0.0594954,-0.0769722,0.0424393,0.0993089,-0.131191,91.9892,190,-15.3523,-17.9412,-18.0939,0,1
8.627,0.0374729,0.0594584,-0.0785978,0.0381149,0.0992583,-0.131191,0,190,-10.7625,-22.2869,-16.7511,0,1
8.645,0.0336244,0.0574501,-0.0799389,0.032956,0.0965078,-0.131191,184.34,190,0.809799,-16.3787,-18.0695,0,1
8.662,0.030287,0.0545068,-0.0810209,0.0284823,0.0924767,-0.131191,205.6,190,18.1072,-1.43727,-17.1173,0,1
8.678,0.0282731,0.0514707,-0.0819709,0.0257827,0.0883186,-0.131191,220.966,190,30.3386,11.4167,-15.9454,0,1
8.695,0.0281753,0.0492311,-0.0827176,0.0256516,0.0852513,-0.131191,236.456,190,29.6794,12.8938,-16.3361,0,1
8.712,0.0299398,0.0477345,-0.0833323,0.0280169,0.0832016,-0.131191,267.065,190,15.6902,14.0534,-16.2384,0,1
8.729,0.0331014,0.0473411,-0.0837235,0.032255,0.0826628,-0.131191,0,190,5.27757,12.6496,-13.4552,0,1
8.745,0.0361664,0.0476865,-0.0837794,0.0363636,0.0831359,-0.131191,0,190,-9.93239,7.5471,-12.4542,0,1
8.762,0.038577,0.0486182,-0.083378,0.0395949,0.0844119,-0.131191,0,190,-20.8577,1.4802,-14.9689,0,1
8.778,0.0395258,0.0495701,-0.0825805,0.0408668,0.0857156,-0.131191,0,190,-24.1048,-6.21023,-13.6749,0,1
8.794,0.0388829,0.0501233,-0.0814781,0.040005,0.0864732,-0.131191,0,190,-22.6765,-9.18874,-28.1769,0,1
8.812,0.0363475,0.0500112,-0.0802742,0.0366063,0.0863197,-0.131191,0,190,-18.8313,-15.8904,-21.5363,0,1
8.829,0.0325813,0.0488093,-0.0795782,0.0315578,0.0846736,-0.131191,186.252,190,-14.2903,-16.8548,-24.8566,0,1
8.845,0.0282607,0.0464873,-0.0794512,0.0257661,0.0814935,-0.131191,198.896,190,4.09349,-10.6048,-24.2218,0,1
8.862,0.0241695,0.0434708,-0.0796138,0.0202819,0.0773622,-0.131191,208.239,190,25.2849,2.90843,-15.8234,0,1
8.878,0.0219564,0.0407644,-0.0796646,0.0173152,0.0736556,-0.131191,217.132,190,36.5276,15.8845,-19.5343,0,1
8.894,0.0220075,0.0390295,-0.0796747,0.0173837,0.0712796,-0.131191,230.021,190,31.1687,22.4519,-22.9034,0,1
8.911,0.0238677,0.0388116,-0.0799541,0.0198773,0.0709811,-0.131191,0,190,18.925,24.5881,-24.7345,0,1
8.927,0.0274962,0.0402172,-0.0806196,0.0247413,0.0729062,-0.131191,0,190,11.5642,23.9167,-20.0714,0,1
8.943,0.0315784,0.0431243,-0.0812444,0.0302134,0.0768876,-0.131191,0,190,-0.14235,17.2761,-3.5431,0,1
8.962,0.0363608,0.0477954,-0.0811835,0.0366242,0.083285,-0.131191,0,190,-7.05153,9.48802,-8.59681,0,1
8.979,0.0399645,0.0525914,-0.0801675,0.0414549,0.0898535,-0.131191,0,190,-17.928,-1.4739,-3.71399,0,1
8.995,0.0420905,0.0571542,-0.0786689,0.0443047,0.0961025,-0.131191,0,190,-22.0418,-6.63747,-22.4396,0,1
9.011,0.0426201,0.0614704,-0.076962,0.0450147,0.102014,-0.131191,0,190,-29.2439,-14.511,-23.6847,0,1
9.029,0.0411282,0.0648367,-0.075626,0.0430148,0.106624,-0.131191,0,190,-26.0457,-24.6306,-27.5909,0,1
9.046,0.0378697,0.0662585,-0.0750621,0.0386468,0.108571,-0.131191,114.873,190,-12.9964,-33.8592,-24.5392,0,1
9.062,0.0334148,0.0656088,-0.0747674,0.0326751,0.107682,-0.131191,155.793,190,-8.33327,-35.8001,-15.8966,0,1
9.079,0.0281611,0.0621126,-0.0743509,0.0256326,0.102893,-0.131191,191.864,190,1.74974,-26.8767,-16.9464,0,1
9.096,0.0233128,0.0568871,-0.0737718,0.0191335,0.0957367,-0.131191,212.773,190,16.5691,-5.85622,-17.5568,0,1
9.112,0.0197036,0.0514624,-0.0731926,0.0142954,0.0883072,-0.131191,225.895,190,27.6286,15.8113,-22.5861,0,1
9.129,0.0178638,0.0469165,-0.072832,0.0118291,0.0820813,-0.131191,235.877,190,26.0051,21.1824,-20.2423,0,1
9.145,0.0176909,0.0438873,-0.0725424,0.0115974,0.0779326,-0.131191,246.613,190,21.4031,24.4172,-15.799,0,1
9.161,0.0185232,0.0424012,-0.0719988,0.0127131,0.0758973,-0.131191,262.578,190,5.22875,20.8772,-11.0626,0,1
9.178,0.0202641,0.0423661,-0.0709016,0.0150467,0.0758492,-0.131191,0,190,-4.75661,16.7512,-11.3312,0,1
9.194,0.0214469,0.0434763,-0.0693572,0.0166323,0.0773697,-0.131191,0,190,-16.0237,9.74437,-14.5538,0,1
9.211,0.0216338,0.0452942,-0.0676656,0.0168828,0.0798595,-0.131191,0,190,-24.2024,2.56663,-18.6066,0,1
9.23,0.019943,0.047611,-0.0658266,0.0146163,0.0830325,-0.131191,0,190,-15.9627,-4.75759,-24.2218,0,1
