Subject,Force,BallFreq,Energy0.5,Energy1.0,Energy1.5,Energy2.5,Resonance
Subject1,F0_B0,0.5Hz,0.2326041061494697,0.42560689072450436,0.21573707153104804,0.08094205213156547,0.2326041061494697
Subject1,F0_B0,0.5Hz,0.42495021838023117,0.7635625123843952,0.44828466310087645,0.17397013957813606,0.42495021838023117
Subject1,F0_B0,0.5Hz,0.624887447219143,1.1270457468856534,0.684289224054231,0.2642264293867804,0.624887447219143
Subject1,F0_B0,1.5Hz,0.33940673638437807,0.2928800390125212,0.15344142665838706,0.08532756512760924,0.15344142665838706
Subject1,F0_B0,1.5Hz,0.6251148584720261,0.667276416774808,0.34047361008865695,0.17726159715372547,0.34047361008865695
Subject1,F0_B0,1.5Hz,0.8857344158786216,1.016942372329063,0.5478046586239255,0.27351690177829374,0.5478046586239255
Subject2,F0_B0,1Hz,0.4836255330013862,0.2320614206156183,0.21714569694744737,0.06976114604420551,0.2320614206156183
Subject2,F0_B0,1Hz,0.9330690620009207,0.4741250905789075,0.3975681450954768,0.14080047623662598,0.4741250905789075
Subject2,F0_B0,1Hz,1.3559245936080049,0.7349489603848317,0.5759260907672694,0.2025669926927688,0.7349489603848317
Subject2,F0_B0,1.5Hz,0.26138643466971995,0.38837781852831516,0.16743715498333292,0.09739639119693158,0.16743715498333292
Subject2,F0_B0,1.5Hz,0.5774614778445271,0.7508330417628633,0.33192669178503,0.18402747994741658,0.33192669178503
Subject2,F0_B0,1.5Hz,0.9548716955715687,1.1199871934313739,0.48805689601923663,0.256924598100038,0.48805689601923663
Subject3,F0_B0,0.5Hz,0.16069271812792962,0.34635637787882034,0.26898495429832153,0.10569257753193716,0.16069271812792962
Subject3,F0_B0,0.5Hz,0.3134191649021504,0.5987735942409813,0.5491703639994264,0.2551719380841396,0.3134191649021504
Subject3,F0_B0,0.5Hz,0.45250174311671953,0.817053175246699,0.8420396644536727,0.41605795556977276,0.45250174311671953
Subject3,F0_B0,2.5Hz,0.09202179414210496,0.40334039328370414,0.1933024867108495,0.2001598178213588,0.2001598178213588
Subject3,F0_B0,2.5Hz,0.17378775477507086,0.6909839470326937,0.45017072260813595,0.40512650385387405,0.40512650385387405
Subject3,F0_B0,2.5Hz,0.28204311490835726,0.9404741343853187,0.7339352530035985,0.5727533285684161,0.5727533285684161
Subject4,F0_B0,0.5Hz,0.16273719425239583,0.2654242779145557,0.2596269417709371,0.16100060733854193,0.16273719425239583
Subject4,F0_B0,0.5Hz,0.3312144756242903,0.572717639748583,0.49494553543365416,0.31464083223185063,0.3312144756242903
Subject4,F0_B0,0.5Hz,0.4607013972611701,0.9667614103527764,0.7237617690547729,0.44076987886169827,0.4607013972611701
Subject4,F0_B0,0.5Hz,0.644132667778766,1.2791474560311984,0.9704775861207389,0.5537574707158401,0.644132667778766
Subject4,F0_B0,0.5Hz,0.8231142599197081,1.5949068003656577,1.211516995196308,0.6871733414668117,0.8231142599197081
Subject4,F0_B0,0.5Hz,0.9651103205051865,1.8625800024135473,1.4709922760016858,0.8430778112249598,0.9651103205051865
Subject5,F0_B0,0.5Hz,0.176029883085001,0.27632846181135556,0.21951393403233488,0.13864069529762288,0.176029883085001
Subject5,F0_B0,0.5Hz,0.44557989381077107,0.5267376511681294,0.4376793792231978,0.25708466433244054,0.44557989381077107
Subject5,F0_B0,0.5Hz,0.7605970109016379,0.7960235543199357,0.6431028915772605,0.35830861907309475,0.7605970109016379
Subject5,F0_B0,0.5Hz,1.0478554007088559,1.088670279432075,0.8114262977901148,0.4502008093518488,1.0478554007088559
Subject5,F0_B0,0.5Hz,1.2944372824205126,1.437363717444252,0.9609626252810396,0.5491389707158387,1.2944372824205126
Subject5,F0_B0,0.5Hz,1.5797766033503218,1.7297614278057631,1.1301344742201542,0.6494280725179777,1.5797766033503218
Subject6,F0_B0,0.5Hz,0.3168464047546417,0.41937223180232347,0.1382588892954304,0.07486266130052494,0.3168464047546417
Subject6,F0_B0,0.5Hz,0.6330515485516737,0.8401595386763765,0.26088182207186145,0.1464393568158711,0.6330515485516737
Subject6,F0_B0,0.5Hz,0.9748123188032254,1.181674587855517,0.4110930839920711,0.2150628897118671,0.9748123188032254
Subject6,F0_B0,0.5Hz,1.3323906963553198,1.4746168248241847,0.556508227288429,0.29122831542008365,1.3323906963553198
Subject6,F0_B0,0.5Hz,1.6931753325616479,1.7834317932763846,0.6866736343768193,0.3549070913867573,1.6931753325616479
Subject6,F0_B0,0.5Hz,2.070244697894882,2.0637287697075255,0.8397407606242404,0.4361123272860044,2.070244697894882
Subject1,F1_B0,0.5Hz,0.1331781537687196,0.43100754710703115,0.1542527530904849,0.1792500284063693,0.1331781537687196
Subject1,F1_B0,0.5Hz,0.29854473630689493,0.7955660124242407,0.3613715135483627,0.30958633848597583,0.29854473630689493
Subject1,F1_B0,0.5Hz,0.5043386311052213,1.2185386197290298,0.5299407934566449,0.4353092409965533,0.5043386311052213
Subject1,F1_B0,0.5Hz,0.7145762494164707,1.6086976019394117,0.7330972369529999,0.5770611848343943,0.7145762494164707
Subject1,F1_B0,0.5Hz,0.9520120228465554,2.004128954780248,0.9531614123840016,0.6792965798910569,0.9520120228465554
Subject1,F1_B0,0.5Hz,1.1450787201657395,2.38969606683413,1.2110377907133976,0.7757507689831102,1.1450787201657395
Subject1,F1_B0,1Hz,0.4241050200636264,0.3315473052075805,0.17497098360422916,0.07098519279344327,0.3315473052075805
Subject1,F1_B0,1Hz,0.800263471766564,0.6827092628694741,0.32418197606036364,0.1478113642014262,0.6827092628694741
Subject1,F1_B0,1Hz,1.128158318125677,1.0544813418692556,0.4607978626417194,0.2120202732217632,1.0544813418692556
Subject1,F1_B0,1Hz,1.3972462708355367,1.4167211822401438,0.6336534329409393,0.28287954649247676,1.4167211822401438
Subject1,F1_B0,1Hz,1.6786950893559176,1.7421388024486868,0.7853908463982977,0.34983897366337346,1.7421388024486868
Subject1,F1_B0,1Hz,1.8845455271843221,2.1395016523717887,0.9550764217790989,0.42940662379298017,2.1395016523717887
Subject1,F1_B0,1.5Hz,0.2005642883107397,0.5678153536777475,0.2117501042098137,0.047996861301000254,0.2117501042098137
Subject1,F1_B0,1.5Hz,0.36945749229659886,1.0542846732406517,0.4376471305028509,0.14172316152602243,0.4376471305028509
Subject1,F1_B0,1.5Hz,0.5210277618649389,1.5361258541925544,0.6790411809364036,0.2213891092610234,0.6790411809364036
Subject1,F1_B0,1.5Hz,0.6608145749628022,1.992366621096932,0.9077469851783534,0.30143840846212144,0.9077469851783534
Subject1,F1_B0,1.5Hz,0.848741056219557,2.436353074467616,1.1105523209962709,0.39674072384224873,1.1105523209962709
Subject1,F1_B0,1.5Hz,1.0736612817541962,2.871278434257802,1.3116522558556054,0.4909798448128632,1.3116522558556054
Subject1,F1_B0,2.5Hz,0.14783277976048517,0.25368823188802203,0.32615541643235213,0.10298306120993957,0.10298306120993957
Subject1,F1_B0,2.5Hz,0.35643670812747064,0.5397976131018258,0.5909040068076183,0.2007530524563414,0.2007530524563414
Subject1,F1_B0,2.5Hz,0.5859906737446127,0.851864574019169,0.8315197256327169,0.3029326609027872,0.3029326609027872
Subject1,F1_B0,2.5Hz,0.7909424612262885,1.1626661934063196,1.021547475419607,0.418159410865963,0.418159410865963
Subject1,F1_B0,2.5Hz,0.9608922285373686,1.448835209191195,1.2880217674495267,0.5315981482214021,0.5315981482214021
Subject1,F1_B0,2.5Hz,1.1429399615816493,1.7656272657693757,1.481966353261527,0.6487204568307401,0.6487204568307401
Subject2,F1_B0,0.5Hz,0.25612977740078613,0.3176596430256933,0.22320975788939884,0.084313857450572,0.25612977740078613
Subject2,F1_B0,0.5Hz,0.5576081286592635,0.6112830210800106,0.410001587862687,0.1619915639369508,0.5576081286592635
Subject2,F1_B0,0.5Hz,0.9650946924865065,0.8937344731309864,0.555341496830186,0.2386163944932822,0.9650946924865065
Subject2,F1_B0,0.5Hz,1.408071984647234,1.1531531467378657,0.6924696335137762,0.29738399913798913,1.408071984647234
Subject2,F1_B0,0.5Hz,1.8782002231908326,1.4430144993676393,0.8224805691245816,0.3595197766554441,1.8782002231908326
Subject2,F1_B0,0.5Hz,2.387639245220304,1.6871410171950605,0.9395063941406222,0.4261217827977364,2.387639245220304
Subject2,F1_B0,1Hz,0.22414160781470557,0.46666230882737614,0.1804508105140914,0.07442451902952224,0.46666230882737614
Subject2,F1_B0,1Hz,0.4913460106921458,0.9595526286550201,0.32565769375155657,0.14954792554318924,0.9595526286550201
Subject2,F1_B0,1Hz,0.8089230118522447,1.4506272188678682,0.4620927372449595,0.2276782339270151,1.4506272188678682
Subject2,F1_B0,1Hz,1.0827478396161756,1.9188712638101126,0.6045254510178277,0.2934411473740586,1.9188712638101126
Subject2,F1_B0,1Hz,1.4142836959972616,2.375178391261599,0.7338781030958839,0.35948648366392855,2.375178391261599
Subject2,F1_B0,1Hz,1.6823635504074652,2.833566133931809,0.864763934108977,0.4292543630619772,2.833566133931809
Subject2,F1_B0,1.5Hz,0.2569206837601461,0.42425913894706496,0.1998152764560197,0.09589782691196998,0.1998152764560197
Subject2,F1_B0,1.5Hz,0.5291657027434995,0.8016508807439409,0.3931981329706087,0.16946318292837304,0.3931981329706087
Subject2,F1_B0,1.5Hz,0.8102957898414583,1.1406794513092604,0.5928156208284809,0.23292992066836748,0.5928156208284809
Subject2,F1_B0,1.5Hz,1.1447292770731068,1.4756280089532754,0.7773844752281022,0.2934563425464249,0.7773844752281022
Subject2,F1_B0,1.5Hz,1.4599547962470454,1.7922542134116541,0.9769538789854821,0.34347905825977687,0.9769538789854821
Subject2,F1_B0,1.5Hz,1.799622531870829,2.050276792104534,1.1499426786042435,0.4048814362076389,1.1499426786042435
Subject2,F1_B0,2.5Hz,0.2351046129433299,0.2849530175792687,0.15300567251341618,0.10944108438572249,0.10944108438572249
Subject2,F1_B0,2.5Hz,0.5648614186607663,0.564634497223522,0.3224476981662818,0.2114410550746495,0.2114410550746495
Subject2,F1_B0,2.5Hz,0.9347225356017368,0.8714050484766567,0.458543899000305,0.3255575234508946,0.3255575234508946
Subject2,F1_B0,2.5Hz,1.2428871394922596,1.1807719053860959,0.6077976615599053,0.439231668537168,0.439231668537168
Subject2,F1_B0,2.5Hz,1.5151611277007526,1.3885309317930679,0.804024129911444,0.554658361090955,0.554658361090955
Subject2,F1_B0,2.5Hz,1.8053169373466185,1.6583239239142715,0.9807320077389098,0.6760435706370153,0.6760435706370153
Subject3,F1_B0,0.5Hz,0.31761770145451035,0.28521983649600297,0.18034882820729795,0.1059411307578177,0.31761770145451035
Subject3,F1_B0,0.5Hz,0.5474206943189541,0.4910177855663417,0.42824852282472425,0.24113849869076504,0.5474206943189541
Subject3,F1_B0,0.5Hz,0.7433407403842505,0.7037440316590519,0.6995046869308454,0.39211436630593177,0.7433407403842505
Subject3,F1_B0,0.5Hz,0.9072648006834593,0.9469228233951092,0.9407993226284488,0.5534410440691381,0.9072648006834593
Subject3,F1_B0,0.5Hz,1.0507215431031582,1.2086406799007916,1.164021718746239,0.7353931210331094,1.0507215431031582
Subject3,F1_B0,0.5Hz,1.1664213875956866,1.4797219234610064,1.3773475102532633,0.9146897332338271,1.1664213875956866
Subject3,F1_B0,1Hz,0.18621102320384797,0.34803735833668736,0.20891459766766807,0.11961189249502668,0.34803735833668736
Subject3,F1_B0,1Hz,0.32672139907984066,0.6181676213617915,0.43962071626298604,0.2557720652511717,0.6181676213617915
Subject3,F1_B0,1Hz,0.4805844302933937,0.8705904129705553,0.6653810903269767,0.38162204698208624,0.8705904129705553
Subject3,F1_B0,1Hz,0.5853495067190496,1.0715488258976407,0.8942041123723365,0.5880449031960827,1.0715488258976407
Subject3,F1_B0,1Hz,0.6830721064057367,1.2692488434524751,1.100739393507667,0.7707790511947382,1.2692488434524751
Subject3,F1_B0,1Hz,0.8207618008369322,1.5654351848304713,1.3122786664782893,0.9203983646603003,1.5654351848304713
Subject3,F1_B0,1.5Hz,0.19628728562576458,0.21579036820453232,0.21131275971560948,0.13116951897475557,0.21131275971560948
Subject3,F1_B0,1.5Hz,0.3355191043518918,0.4389137864652714,0.42066483613400074,0.29305300598835593,0.42066483613400074
Subject3,F1_B0,1.5Hz,0.4691767209691132,0.6723071836406527,0.6364964874308863,0.45592302422759956,0.6364964874308863
Subject3,F1_B0,1.5Hz,0.5973735131627856,0.9253248100844605,0.8867688896576145,0.6002963384358324,0.8867688896576145
Subject3,F1_B0,1.5Hz,0.715005276820556,1.1163867264343672,1.1643644841067207,0.7496300315434563,1.1643644841067207
Subject3,F1_B0,1.5Hz,0.8421325672901957,1.3487959369082554,1.4368405578449213,0.8749602440882374,1.4368405578449213
Subject3,F1_B0,2.5Hz,0.1669899005192259,0.25137552527673435,0.2217819267012077,0.16425741551973386,0.16425741551973386
Subject3,F1_B0,2.5Hz,0.2984557934500728,0.41916447047634664,0.46010805153772005,0.3539452416869622,0.3539452416869622
Subject3,F1_B0,2.5Hz,0.40848138159446534,0.6063548706626298,0.6489847688620642,0.5371943349964463,0.5371943349964463
Subject3,F1_B0,2.5Hz,0.5247856912427926,0.7896164867022498,0.8533852677673477,0.7232973680569006,0.7232973680569006
Subject3,F1_B0,2.5Hz,0.630010192345103,0.9744512637014167,1.0660245610640473,0.886511787274898,0.886511787274898
Subject3,F1_B0,2.5Hz,0.7469626877141357,1.173535264803034,1.2906673946936127,1.0622902006253243,1.0622902006253243
Subject4,F1_B0,0.5Hz,0.154775394684874,0.3208015312264936,0.23062583684966553,0.14897616076660558,0.154775394684874
Subject4,F1_B0,0.5Hz,0.3130669825805291,0.5860234873975653,0.4780542826387195,0.29005359164164346,0.3130669825805291
Subject4,F1_B0,0.5Hz,0.48761260229177494,0.8948751109623518,0.6675039524996517,0.40641707524879045,0.48761260229177494
Subject4,F1_B0,0.5Hz,0.6520346976217883,1.162161260738078,0.8684818263230638,0.537293134593776,0.6520346976217883
Subject4,F1_B0,0.5Hz,0.7898163123562714,1.459820435424645,1.0903479293682459,0.6588249294719096,0.7898163123562714
Subject4,F1_B0,0.5Hz,0.9395505703818372,1.7366270133968844,1.3553772103120652,0.7787117851095616,0.9395505703818372
Subject4,F1_B0,1Hz,0.12327996949325311,0.3074963028283434,0.17321115841682314,0.1243220509320056,0.3074963028283434
Subject4,F1_B0,1Hz,0.29956347958441815,0.6546400975052462,0.35250886793424313,0.2546703135017321,0.6546400975052462
Subject4,F1_B0,1Hz,0.43969804428744785,0.9955133781947962,0.5753051877912378,0.39952415322498647,0.9955133781947962
Subject4,F1_B0,1Hz,0.561715114049565,1.364037268856291,0.8594060074947054,0.5488728666097827,1.364037268856291
Subject4,F1_B0,1Hz,0.688901591588571,1.7811340941693687,1.0417962128383855,0.6664357799042788,1.7811340941693687
Subject4,F1_B0,1Hz,0.876365421026955,2.12614005306556,1.2537776032133743,0.7935826691414242,2.12614005306556
Subject4,F1_B0,1.5Hz,0.11925890853725388,0.33323702874528327,0.2668355682525369,0.1069611551414345,0.2668355682525369
Subject4,F1_B0,1.5Hz,0.23012534245523333,0.6243843712840844,0.5309084128297599,0.22545716986190062,0.5309084128297599
Subject4,F1_B0,1.5Hz,0.4287548643670426,0.8855477079457285,0.7494136628429051,0.32989006495799705,0.7494136628429051
Subject4,F1_B0,1.5Hz,0.5774910756308105,1.1535182899743022,1.0140158532061139,0.44123694135971503,1.0140158532061139
Subject4,F1_B0,1.5Hz,0.7023702066293368,1.406048743802132,1.308962542302488,0.5706412142286896,1.308962542302488
Subject4,F1_B0,1.5Hz,0.8423387041442907,1.6716360694053891,1.5736489548877988,0.6681706324135679,1.5736489548877988
Subject4,F1_B0,2.5Hz,0.15660860636981946,0.26750326114449574,0.22461261973566993,0.14322781544118543,0.14322781544118543
Subject4,F1_B0,2.5Hz,0.34525848594179553,0.5891962350714403,0.424240696274923,0.27519565325642426,0.27519565325642426
Subject4,F1_B0,2.5Hz,0.5470938843629126,0.8890027005943302,0.6076778941019433,0.4049389059029085,0.4049389059029085
Subject4,F1_B0,2.5Hz,0.7102976065686328,1.153307576856776,0.8310150231400397,0.5706135164264303,0.5706135164264303
Subject4,F1_B0,2.5Hz,0.8456037974431911,1.3720457276289837,1.07708066048849,0.74044555215822,0.74044555215822
Subject4,F1_B0,2.5Hz,0.9751385876631211,1.6088209600041457,1.3649186999770406,0.8882595878476687,0.8882595878476687
Subject5,F1_B0,0.5Hz,0.182263740074804,0.25365863982976683,0.2118018774854843,0.08731623890247397,0.182263740074804
Subject5,F1_B0,0.5Hz,0.42128704779203463,0.5159850632592385,0.40058454147000605,0.19480117409077002,0.42128704779203463
Subject5,F1_B0,0.5Hz,0.7134735889935526,0.7751749733421233,0.5973983361143569,0.3018380029663239,0.7134735889935526
Subject5,F1_B0,0.5Hz,0.9817594435251484,1.0287243247825315,0.7649755095930573,0.3875619567775036,0.9817594435251484
Subject5,F1_B0,0.5Hz,1.2989721194552772,1.246560292280661,0.9138369902135234,0.4938443088619753,1.2989721194552772
Subject5,F1_B0,0.5Hz,1.567798653783575,1.4696132910323707,1.0585028908339909,0.6085875579954898,1.567798653783575
Subject5,F1_B0,1Hz,0.19235454701210997,0.2947726519075627,0.18203732647116355,0.11424874510670623,0.2947726519075627
Subject5,F1_B0,1Hz,0.35476797438721847,0.604939775793168,0.39609796441856104,0.21285927763746712,0.604939775793168
Subject5,F1_B0,1Hz,0.5392144097373363,0.9142308644789361,0.5928192524400413,0.3132369469636372,0.9142308644789361
Subject5,F1_B0,1Hz,0.7499333610812238,1.249901982858606,0.7549072050680562,0.41445820357077895,1.249901982858606
Subject5,F1_B0,1Hz,0.9893759983117899,1.5805881155890347,0.9035267086832033,0.5077991723463536,1.5805881155890347
Subject5,F1_B0,1Hz,1.2278146929308575,1.8800229651860478,1.0697123689947778,0.6115487054186773,1.8800229651860478
Subject5,F1_B0,1.5Hz,0.20382107152091083,0.3427888041051378,0.19789856822666776,0.08777750988657325,0.19789856822666776
Subject5,F1_B0,1.5Hz,0.41164607942860276,0.7205913260870646,0.3633477846661879,0.1830910629602417,0.3633477846661879
Subject5,F1_B0,1.5Hz,0.6163449225520365,1.0474431823836454,0.5629959371071455,0.2906626243474413,0.5629959371071455
Subject5,F1_B0,1.5Hz,0.8037214591443026,1.3632433372432249,0.7740975839454172,0.3838228926681628,0.7740975839454172
Subject5,F1_B0,1.5Hz,0.9848967929591446,1.6021288155712081,0.994656060528422,0.472069186701242,0.994656060528422
Subject5,F1_B0,1.5Hz,1.1469080609789084,1.8257274555537935,1.150307711021171,0.5958741824335215,1.150307711021171
Subject5,F1_B0,2.5Hz,0.16696951156652504,0.23231182496169478,0.2009449351141569,0.15161306226239804,0.15161306226239804
Subject5,F1_B0,2.5Hz,0.36804501782132315,0.49797535561267264,0.3681241848478102,0.2671180147514668,0.2671180147514668
Subject5,F1_B0,2.5Hz,0.5774084786670013,0.685605463156048,0.5447848849882196,0.39469597133750023,0.39469597133750023
Subject5,F1_B0,2.5Hz,0.7993280998211603,0.9667836290712248,0.7199591745839816,0.5275072837320163,0.5275072837320163
Subject5,F1_B0,2.5Hz,1.025807322228487,1.2003118636535632,0.8834818056093405,0.6578345710188456,0.6578345710188456
Subject5,F1_B0,2.5Hz,1.2411204249567258,1.449068518791064,1.0255470665459112,0.7971764047563514,0.7971764047563514
Subject6,F1_B0,0.5Hz,0.24443277430989735,0.2313880032232627,0.1897256496058346,0.1141292812105964,0.24443277430989735
Subject6,F1_B0,0.5Hz,0.5006268620101191,0.4981064755837846,0.39685023286796584,0.21607016458841954,0.5006268620101191
Subject6,F1_B0,0.5Hz,0.7434614606328577,0.7365473075136266,0.6206532553635926,0.3165459496092884,0.7434614606328577
Subject6,F1_B0,0.5Hz,0.9536098616633115,1.0194893521855561,0.7941855343867406,0.44775624888157733,0.9536098616633115
Subject6,F1_B0,0.5Hz,1.1758846950605655,1.304293014395444,0.9614292627189174,0.5530117786752459,1.1758846950605655
Subject6,F1_B0,0.5Hz,1.4586629254178,1.5979103339483478,1.1206898842471937,0.6667171153819084,1.4586629254178
Subject6,F1_B0,1Hz,0.26565816580244056,0.2636753844209156,0.1724015756306799,0.09749270806625936,0.2636753844209156
Subject6,F1_B0,1Hz,0.47199516239330797,0.616533078254641,0.32841914967599717,0.18958838208388157,0.616533078254641
Subject6,F1_B0,1Hz,0.7224995775617509,0.9781006486876926,0.4628537749002932,0.2730979713859107,0.9781006486876926
Subject6,F1_B0,1Hz,0.9374563111816274,1.3050349898981124,0.6194308144228561,0.35153388820764353,1.3050349898981124
Subject6,F1_B0,1Hz,1.1979823609784606,1.6075004054138216,0.7711981934301125,0.42596939346627,1.6075004054138216
Subject6,F1_B0,1Hz,1.4147652123674217,1.885833150621912,0.9205569177170738,0.5163908343712906,1.885833150621912
Subject6,F1_B0,1.5Hz,0.20624727690407438,0.26234613558732617,0.15489806862314448,0.1087503231867295,0.15489806862314448
Subject6,F1_B0,1.5Hz,0.45154556607818236,0.5441468316400193,0.2884877493861063,0.20614162506857148,0.2884877493861063
Subject6,F1_B0,1.5Hz,0.6700509243361298,0.8523895465823164,0.47975704472112923,0.3008185411697957,0.47975704472112923
Subject6,F1_B0,1.5Hz,0.9251662196856586,1.1242824350792204,0.6202306049565105,0.3773273020878411,0.6202306049565105
Subject6,F1_B0,1.5Hz,1.1251876970266426,1.4410927732015815,0.8311721678839877,0.45802417915011173,0.8311721678839877
Subject6,F1_B0,1.5Hz,1.295580773114275,1.7510078096586246,1.0279901509047014,0.5344052015517295,1.0279901509047014
Subject6,F1_B0,2.5Hz,0.25457366503611206,0.222906240824709,0.1263147651585714,0.1446283976730839,0.1446283976730839
Subject6,F1_B0,2.5Hz,0.5408062126649529,0.47588283198903447,0.24659262176227087,0.2796535593599605,0.2796535593599605
Subject6,F1_B0,2.5Hz,0.7823837205382649,0.7517846576753262,0.397410982207146,0.41092000177361643,0.41092000177361643
Subject6,F1_B0,2.5Hz,0.9627870074840075,1.034209691801425,0.6057099632234578,0.572617418702197,0.572617418702197
Subject6,F1_B0,2.5Hz,1.2151511256071308,1.3500257915748022,0.7638122375524168,0.7034719410782562,0.7034719410782562
Subject6,F1_B0,2.5Hz,1.4235481620273305,1.5586865217115786,0.8765068282946408,0.909386360070646,0.909386360070646
Subject1,F0_B1,0.5Hz,0.16435083216817747,0.3919514160354529,0.14510381882826182,0.11873141454344008,0.16435083216817747
Subject1,F0_B1,0.5Hz,0.4569217910815141,0.6893023630267763,0.3066547968522354,0.23424010686953445,0.4569217910815141
Subject1,F0_B1,0.5Hz,0.6286574363458587,0.9508536840803341,0.4840392421031932,0.3737136620640288,0.6286574363458587
Subject1,F0_B1,0.5Hz,0.8814994279290236,1.1704218574540424,0.648552601057176,0.46790039274877404,0.8814994279290236
Subject1,F0_B1,0.5Hz,1.0830677771546475,1.4231778021967216,0.8597473823807135,0.5558676319380516,1.0830677771546475
Subject1,F0_B1,0.5Hz,1.3982550421276951,1.8570269532289014,1.0010216912326348,0.6164526631529295,1.3982550421276951
Subject1,F0_B1,1Hz,0.1476629585378016,0.4131357247631073,0.15112447920728736,0.07484322806089438,0.4131357247631073
Subject1,F0_B1,1Hz,0.3733095900329041,0.7858162416895238,0.29625543198329374,0.15211227536787425,0.7858162416895238
Subject1,F0_B1,1Hz,0.5571038610402986,1.1975938690904866,0.4930292278398497,0.2243619076228129,1.1975938690904866
Subject1,F0_B1,1Hz,0.738240809845758,1.7496998192549558,0.6371760629812286,0.3153061072635736,1.7496998192549558
Subject1,F0_B1,1Hz,0.8852611985852175,2.242879675568979,0.8656923441250659,0.3805502847651505,2.242879675568979
Subject1,F0_B1,1Hz,1.052583396407977,2.778272750238873,1.0545318010205473,0.4463887197801619,2.778272750238873
Subject1,F0_B1,1.5Hz,0.14310232963296105,0.10499968193162074,0.2682504675928391,0.08220470177398763,0.2682504675928391
Subject1,F0_B1,1.5Hz,0.22250181935995927,0.1784144288685221,0.5709884407531178,0.2583063009426262,0.5709884407531178
Subject1,F0_B1,1.5Hz,0.2804619816651811,0.27395443805742964,0.8229880004655763,0.5681373494996967,0.8229880004655763
Subject1,F0_B1,1.5Hz,0.32410034403865734,0.3335548936754237,1.001720022985626,1.0325371662590919,1.001720022985626
Subject1,F0_B1,1.5Hz,0.42077487694331617,0.42280188927936807,1.2795102681666253,1.3364803731191666,1.2795102681666253
Subject1,F0_B1,1.5Hz,0.5043871836421384,0.5281426360445673,1.5355914347607214,1.5490704979282306,1.5355914347607214
Subject1,F0_B1,2.5Hz,0.06453745053593475,0.0973278334048825,0.24953061105784347,0.35226090556097467,0.35226090556097467
Subject1,F0_B1,2.5Hz,0.1111918843218237,0.224072530251974,0.5812647653968004,0.5789397650183817,0.5789397650183817
Subject1,F0_B1,2.5Hz,0.15864273597581036,0.3314176941036096,0.8221521179788756,0.9279271972209313,0.9279271972209313
Subject1,F0_B1,2.5Hz,0.24647694877639711,0.4496663874236335,1.081590078983727,1.2578753699352405,1.2578753699352405
Subject1,F0_B1,2.5Hz,0.29971842226530904,0.5363847938369438,1.2503061310163681,1.6119515167317782,1.6119515167317782
Subject1,F0_B1,2.5Hz,0.3427872772248887,0.7007691913251428,1.4490206258340674,1.9712891397960348,1.9712891397960348
Subject2,F0_B1,0.5Hz,0.282534210370165,0.3453450797064916,0.14257112511023812,0.05682267979447528,0.282534210370165
Subject2,F0_B1,0.5Hz,0.6536711265622991,0.6000954525897086,0.26388378152527914,0.11640311500323985,0.6536711265622991
Subject2,F0_B1,0.5Hz,0.9999662771006057,0.8526635723750537,0.39463438905284,0.18566481753297853,0.9999662771006057
Subject2,F0_B1,0.5Hz,1.3016372751209562,1.058089864055499,0.5096822198345933,0.25290479186575604,1.3016372751209562
Subject2,F0_B1,0.5Hz,1.5610172158941285,1.2627398333336923,0.6369898513876965,0.3197257940171033,1.5610172158941285
Subject2,F0_B1,0.5Hz,1.862620765242674,1.5310713094394997,0.7522583632785578,0.38822139998656047,1.862620765242674
Subject2,F0_B1,1Hz,0.1754811138931531,0.392559676535184,0.20988897257551722,0.08109017334602245,0.392559676535184
Subject2,F0_B1,1Hz,0.3503276200987195,0.863125732608167,0.39663114945656974,0.1466962846953749,0.863125732608167
Subject2,F0_B1,1Hz,0.5233776527923659,1.26364504162353,0.5773326244109374,0.2160329305332366,1.26364504162353
Subject2,F0_B1,1Hz,0.6774729611180599,1.5655712293024342,0.7195972078014329,0.3035811967989992,1.5655712293024342
Subject2,F0_B1,1Hz,0.8586051115798957,1.8963562442754918,0.8529749060655806,0.37600206433249583,1.8963562442754918
Subject2,F0_B1,1Hz,0.9846407459036374,2.266186649511763,1.0993276304897848,0.47446716245391374,2.266186649511763
Subject2,F0_B1,1.5Hz,0.09449080890779851,0.15084202257073231,0.28263471447503347,0.1832995788943367,0.28263471447503347
Subject2,F0_B1,1.5Hz,0.2802287859033212,0.3144277000631443,0.5368012329351006,0.3106298075424065,0.5368012329351006
Subject2,F0_B1,1.5Hz,0.41941129847272374,0.47030273872789924,0.7988095127635273,0.44203274038999585,0.7988095127635273
Subject2,F0_B1,1.5Hz,0.6310765294744873,0.6020306107250613,1.0138270400170768,0.5532482398949792,1.0138270400170768
Subject2,F0_B1,1.5Hz,0.8519008860014536,0.7427106302608274,1.241370720164314,0.6554767586468352,1.241370720164314
Subject2,F0_B1,1.5Hz,1.1181272406617102,0.882330217472569,1.4519067108705734,0.7334556277026891,1.4519067108705734
Subject2,F0_B1,2.5Hz,0.0486701582793256,0.12249310796162703,0.17562470129476235,0.28921392136816715,0.28921392136816715
Subject2,F0_B1,2.5Hz,0.1519343489101357,0.29653473105677275,0.3213218850475895,0.5142674159423519,0.5142674159423519
Subject2,F0_B1,2.5Hz,0.22854946909191887,0.43689081693384113,0.5145404779818158,0.8199488415538828,0.8199488415538828
Subject2,F0_B1,2.5Hz,0.32205955104677375,0.5619277575507065,0.6655774168109845,1.1857586936341875,1.1857586936341875
Subject2,F0_B1,2.5Hz,0.4376985429277432,0.7245237042310079,0.7691985687820928,1.4373889228540329,1.4373889228540329
Subject2,F0_B1,2.5Hz,0.592542547348526,0.8718871881385488,0.8679195519780447,1.6959379223905795,1.6959379223905795
Subject3,F0_B1,0.5Hz,0.3385768586502551,0.20689968563451613,0.09885147749097482,0.08039310382991123,0.3385768586502551
Subject3,F0_B1,0.5Hz,0.7628263714122713,0.42605682912218207,0.2042313923240046,0.15293150822909962,0.7628263714122713
Subject3,F0_B1,0.5Hz,1.118842247833338,0.5976592005135966,0.3260751716171615,0.25226682774661524,1.118842247833338
Subject3,F0_B1,0.5Hz,1.4170113721300368,0.8654485004557588,0.4781430725720913,0.35378253829132633,1.4170113721300368
Subject3,F0_B1,0.5Hz,1.7539356235983123,1.0796567976332712,0.594450826372474,0.4297628301077474,1.7539356235983123
Subject3,F0_B1,0.5Hz,2.1493979116409663,1.286567221086651,0.7157166636069774,0.48234990544628226,2.1493979116409663
Subject3,F0_B1,1Hz,0.19644229134739588,0.32943533144176096,0.23642166748535354,0.09414801789558203,0.32943533144176096
Subject3,F0_B1,1Hz,0.4502967804510152,0.6401928403644375,0.4282788999259668,0.16324875270747127,0.6401928403644375
Subject3,F0_B1,1Hz,0.8313371490506826,0.8930834686152567,0.5828807042108259,0.23474214811082084,0.8930834686152567
Subject3,F0_B1,1Hz,1.088812640784045,1.1655591902947395,0.7965085654863283,0.3196268324583207,1.1655591902947395
Subject3,F0_B1,1Hz,1.311688253876788,1.45755237585287,1.0165703795283738,0.4217421734573595,1.45755237585287
Subject3,F0_B1,1Hz,1.5982257095552617,1.7077882568659477,1.2632908319767182,0.4829946393213243,1.7077882568659477
Subject3,F0_B1,1.5Hz,0.10754608919672831,0.16381022579486343,0.30914836704274573,0.16937262388274477,0.30914836704274573
Subject3,F0_B1,1.5Hz,0.19519930362802382,0.3318453555515957,0.7555839534601121,0.26194665433599934,0.7555839534601121
Subject3,F0_B1,1.5Hz,0.2624701017308337,0.6104586131575068,1.1071137877198993,0.32907603688481096,1.1071137877198993
Subject3,F0_B1,1.5Hz,0.3842485940010072,0.9033905665217219,1.4399682345968232,0.4082472837223241,1.4399682345968232
Subject3,F0_B1,1.5Hz,0.481875889650328,1.2584148720726056,1.7453044509261737,0.48504243348705095,1.7453044509261737
Subject3,F0_B1,1.5Hz,0.5398453625443719,1.452451287768449,2.112787203517352,0.5650468817262541,2.112787203517352
Subject3,F0_B1,2.5Hz,0.0796452363500631,0.1209835591389556,0.151778656541308,0.17242960495137477,0.17242960495137477
Subject3,F0_B1,2.5Hz,0.14565632471036372,0.2921914917371116,0.5707396393705049,0.2694389267695931,0.2694389267695931
Subject3,F0_B1,2.5Hz,0.21884889666312357,0.41429733462545726,0.8974011606455337,0.43903600290559064,0.43903600290559064
Subject3,F0_B1,2.5Hz,0.251702271935878,0.4754622423038688,1.2354643069276143,0.5869528844446981,0.5869528844446981
Subject3,F0_B1,2.5Hz,0.32752279955623537,0.5623188345020567,1.5292663964798834,0.7371423583448021,0.7371423583448021
Subject3,F0_B1,2.5Hz,0.37234874925899025,0.6281654759583667,1.7729333499823687,0.9044883442104042,0.9044883442104042
Subject4,F0_B1,0.5Hz,0.4400073553652523,0.21199935753444898,0.11691891029566844,0.06133261716208108,0.4400073553652523
Subject4,F0_B1,0.5Hz,0.8735969987838559,0.5047196410301471,0.24369576884582744,0.13894596707163284,0.8735969987838559
Subject4,F0_B1,0.5Hz,1.2374976471601897,0.7545089793324129,0.37978121485140454,0.20562047953100826,1.2374976471601897
Subject4,F0_B1,0.5Hz,1.4973780718271958,1.0378396151408462,0.5328541399575646,0.30341889282103957,1.4973780718271958
Subject4,F0_B1,0.5Hz,1.7725587476399434,1.2754634768052746,0.6544196703897507,0.3888018714162448,1.7725587476399434
Subject4,F0_B1,0.5Hz,2.101431136726153,1.5049959637414199,0.7799083312710229,0.4821760094192152,2.101431136726153
Subject4,F0_B1,1Hz,0.160683115779915,0.45385357825055844,0.19891263258740477,0.07836534945778449,0.45385357825055844
Subject4,F0_B1,1Hz,0.37985905542723397,0.9060792035616725,0.42532222945657283,0.1577993654238966,0.9060792035616725
Subject4,F0_B1,1Hz,0.5768425073267496,1.4775802708756791,0.5971167422510089,0.2275140216623416,1.4775802708756791
Subject4,F0_B1,1Hz,0.8013516575866493,1.866764727805008,0.7697940349482251,0.3152262977643192,1.866764727805008
Subject4,F0_B1,1Hz,1.0059681084730132,2.2674493332669923,0.9561929649291211,0.4141568766823104,2.2674493332669923
Subject4,F0_B1,1Hz,1.2411435811505642,2.5551401819707524,1.11717051952564,0.5229753104029722,2.5551401819707524
Subject4,F0_B1,1.5Hz,0.05501546851067782,0.32503450443249027,0.3780251409749089,0.08043693216587927,0.3780251409749089
Subject4,F0_B1,1.5Hz,0.10260383934997161,0.6765680555644438,0.6711319610691407,0.1831233905259085,0.6711319610691407
Subject4,F0_B1,1.5Hz,0.14637359083376858,0.9215229095097549,1.0256345071835038,0.30116130127188395,1.0256345071835038
Subject4,F0_B1,1.5Hz,0.19242882886216622,1.2321102910092603,1.3062650960025959,0.47155481315797243,1.3062650960025959
Subject4,F0_B1,1.5Hz,0.2382408503529209,1.6902992283767784,1.5175009716903345,0.623338019835897,1.5175009716903345
Subject4,F0_B1,1.5Hz,0.358462779773386,2.1372603127034426,1.7203431798669668,0.7498627068879239,1.7203431798669668
Subject4,F0_B1,2.5Hz,0.026364257228842915,0.041906245031350105,0.2225194389151488,0.3404712374083034,0.3404712374083034
Subject4,F0_B1,2.5Hz,0.05309959980120428,0.0870647027552783,0.4442775897434441,0.6974626677499045,0.6974626677499045
Subject4,F0_B1,2.5Hz,0.07035991059351879,0.14341926311774555,0.6968218678441536,1.0530700975101208,1.0530700975101208
Subject4,F0_B1,2.5Hz,0.11013055674830213,0.26645374394132265,0.9808938698365538,1.2992805400417846,1.2992805400417846
Subject4,F0_B1,2.5Hz,0.1355692413733711,0.33780997516012023,1.3999224186862396,1.5480928824371727,1.5480928824371727
Subject4,F0_B1,2.5Hz,0.15395803537337674,0.4163230153640919,1.805726108979641,1.768367139743631,1.768367139743631
Subject5,F0_B1,0.5Hz,0.25031465261111396,0.23481815976449594,0.12545771268963254,0.10817196247029504,0.25031465261111396
Subject5,F0_B1,0.5Hz,0.4394989671507007,0.5215376578081989,0.31004647932083984,0.21620362569091262,0.4394989671507007
Subject5,F0_B1,0.5Hz,0.6266677842735274,0.8499504222111194,0.47681152236296576,0.34501863699775875,0.6266677842735274
Subject5,F0_B1,0.5Hz,0.8170429655147767,1.134094300697824,0.6383666659844857,0.48490406198236136,0.8170429655147767
Subject5,F0_B1,0.5Hz,0.9711833679739654,1.362350977927209,0.8719189979252551,0.6232752182303816,0.9711833679739654
Subject5,F0_B1,0.5Hz,1.0850484236223463,1.5280944333264639,1.0653996898905895,0.8358788976767398,1.0850484236223463
Subject5,F0_B1,1Hz,0.16076830559693658,0.3251226203823013,0.20457813067818456,0.10172106760186467,0.3251226203823013
Subject5,F0_B1,1Hz,0.25420555369133996,0.692420364587905,0.4345767170330005,0.2432172278640965,0.692420364587905
Subject5,F0_B1,1Hz,0.3923803977602146,1.0267286817162211,0.7156270833711378,0.39478922634122166,1.0267286817162211
Subject5,F0_B1,1Hz,0.4815550415612001,1.3256941673891849,1.0419357709638373,0.5017272854960712,1.3256941673891849
Subject5,F0_B1,1Hz,0.5409305071790457,1.6744363580175312,1.4074245764465687,0.5788023084842535,1.6744363580175312
Subject5,F0_B1,1Hz,0.5901914225370953,2.0853795593703466,1.6950780456466137,0.6767608972873588,2.0853795593703466
Subject5,F0_B1,1.5Hz,0.09224745632993331,0.3335771893808148,0.30408081336620635,0.09286110105592824,0.30408081336620635
Subject5,F0_B1,1.5Hz,0.15323068585918695,0.630082504419091,0.5592555724180364,0.22213857464210368,0.5592555724180364
Subject5,F0_B1,1.5Hz,0.21816169435211052,0.8828186000838903,0.9806784557174364,0.30572253068651517,0.9806784557174364
Subject5,F0_B1,1.5Hz,0.336324622058717,1.1678709789939115,1.2565839914135986,0.43137401395222186,1.2565839914135986
Subject5,F0_B1,1.5Hz,0.45861430565022804,1.4521857966211733,1.5494710733397348,0.5825794358561966,1.5494710733397348
Subject5,F0_B1,1.5Hz,0.532499590012641,1.670638160753511,1.8567162158986925,0.836898206012229,1.8567162158986925
Subject5,F0_B1,2.5Hz,0.042091678897589135,0.09900192928826715,0.30922908097130286,0.19458117947703993,0.19458117947703993
Subject5,F0_B1,2.5Hz,0.12342421372828201,0.23006518690187425,0.6725958685590773,0.3894505337027107,0.3894505337027107
Subject5,F0_B1,2.5Hz,0.2095995744558114,0.32207283064268283,0.854363933042957,0.6437171650144101,0.6437171650144101
Subject5,F0_B1,2.5Hz,0.2855562995011669,0.4500920265012248,1.089680217542385,0.8264589891149481,0.8264589891149481
Subject5,F0_B1,2.5Hz,0.35040553363468674,0.5231107935064245,1.2205472350924076,1.0635702300104004,1.0635702300104004
Subject5,F0_B1,2.5Hz,0.4459417793343714,0.6167862345416124,1.350912592553837,1.2910123790158545,1.2910123790158545
Subject6,F0_B1,0.5Hz,0.15137393603106697,0.16281435206624872,0.16960699235607118,0.18880797772293859,0.15137393603106697
Subject6,F0_B1,0.5Hz,0.29712264478430284,0.30082119355974524,0.31197405863874383,0.37774168264846736,0.29712264478430284
Subject6,F0_B1,0.5Hz,0.483819347085799,0.4804221512624187,0.4277390492346918,0.5493100851950639,0.483819347085799
Subject6,F0_B1,0.5Hz,0.651619135458486,0.6218967464730618,0.6017572383176262,0.7152031775117513,0.651619135458486
Subject6,F0_B1,0.5Hz,0.8536584824815201,0.7866593380368475,0.7684445167852949,0.8546567240565792,0.8536584824815201
Subject6,F0_B1,0.5Hz,1.0790317044354585,0.9488209024532798,0.9259367467580442,0.9653725429693143,1.0790317044354585
Subject6,F0_B1,1Hz,0.07468630630948135,0.32062848160815394,0.24211668223555485,0.0789185795225067,0.32062848160815394
Subject6,F0_B1,1Hz,0.14867573259622127,0.7162271551477246,0.4542829780323022,0.1755760167740955,0.7162271551477246
Subject6,F0_B1,1Hz,0.2646386204122829,1.0515553724348397,0.6119989753414409,0.2731462154759115,1.0515553724348397
Subject6,F0_B1,1Hz,0.3649533194813106,1.338092713635067,0.9027864208891268,0.3670799941861564,1.338092713635067
Subject6,F0_B1,1Hz,0.39050640815754684,1.3324402613717043,0.8791655643421112,0.36910918834052475,1.3324402613717043
Subject6,F0_B1,1Hz,0.5163741959028108,1.6133251503085688,1.1463321533427817,0.46507216120513806,1.6133251503085688
Subject6,F0_B1,1.5Hz,0.058465855180055926,0.16952779159179357,0.5664107179573324,0.15061570758644913,0.5664107179573324
Subject6,F0_B1,1.5Hz,0.16571009845217774,0.4079574630977091,0.9652726676828606,0.2556216851949833,0.9652726676828606
Subject6,F0_B1,1.5Hz,0.26738765056675107,0.8555998697919434,1.2602608949343164,0.3394427483830216,1.2602608949343164
Subject6,F0_B1,1.5Hz,0.3405155207461751,1.1560760409154893,1.592965795725878,0.4240855612759469,1.592965795725878
Subject6,F0_B1,1.5Hz,0.39192230511904935,1.7836828595452667,1.9252204425202248,0.4926622318968152,1.9252204425202248
Subject6,F0_B1,1.5Hz,0.4214030416881716,2.140180899310457,2.365631662040348,0.5684312640822398,2.365631662040348
Subject6,F0_B1,2.5Hz,0.06430031423090506,0.0657355509822937,0.12101698474316076,0.34444316498814587,0.34444316498814587
Subject6,F0_B1,2.5Hz,0.10641185439768147,0.14440795798212339,0.4738306626762831,0.527438571914689,0.527438571914689
Subject6,F0_B1,2.5Hz,0.20571028886211623,0.25203321986094457,0.7482916161632971,0.6936360324448756,0.6936360324448756
Subject6,F0_B1,2.5Hz,0.280974420113122,0.3305554193229808,0.9716121648139924,0.9450149456761645,0.9450149456761645
Subject6,F0_B1,2.5Hz,0.35095159757315303,0.4063838828464323,1.1906328950411742,1.1916995185616404,1.1916995185616404
Subject6,F0_B1,2.5Hz,0.42930112213579585,0.5206343763224722,1.5049081862284652,1.361312179166279,1.361312179166279
Subject1,F1_B1_add,0.5Hz,0.19003099337162055,0.2567957832248736,0.15614919316472212,0.147758864241008,0.19003099337162055
Subject1,F1_B1_add,0.5Hz,0.4210513989355157,0.43155130475072123,0.37536987975822944,0.2809888038321586,0.4210513989355157
Subject1,F1_B1_add,0.5Hz,0.7030572237735576,0.5344581843644362,0.8082281771815448,0.3642299323322443,0.7030572237735576
Subject1,F1_B1_add,0.5Hz,0.9097754485474568,0.6474919535832855,1.1950688079179965,0.4394629829645905,0.9097754485474568
Subject1,F1_B1_add,0.5Hz,1.1388015270596974,0.7469300013751246,1.6962364523585889,0.5002763949391139,1.1388015270596974
Subject1,F1_B1_add,0.5Hz,1.415650670973105,0.82665059572545,2.310622215446749,0.560728051024529,1.415650670973105
Subject1,F1_B1_add,1Hz,0.02516990548232866,0.31229205492893375,0.04062542349893899,0.05206185031893373,0.31229205492893375
Subject1,F1_B1_add,1Hz,0.05499406653533233,0.7509441098342432,0.11354384913419532,0.10213308514775317,0.7509441098342432
Subject1,F1_B1_add,1Hz,0.0977090380080546,1.1952855674295628,0.23358896716225924,0.181729898677719,1.1952855674295628
Subject1,F1_B1_add,1Hz,0.13726167417389623,1.6504173272047193,0.3062720279921855,0.23756518735579513,1.6504173272047193
Subject1,F1_B1_add,1Hz,0.1682264743133784,2.1074790404178234,0.39204412969063696,0.2973246208793052,2.1074790404178234
Subject1,F1_B1_add,1Hz,0.2101002948410185,2.5309033093735582,0.447468510242415,0.3452018950946693,2.5309033093735582
Subject1,F1_B1_add,1.5Hz,0.025234719291600472,0.034037537446841494,0.4287908727234512,0.02465282236033243,0.4287908727234512
Subject1,F1_B1_add,1.5Hz,0.048051911454516025,0.061857852968929816,0.7948916633886252,0.08292830535311929,0.7948916633886252
Subject1,F1_B1_add,1.5Hz,0.07186954349740683,0.0893620061180369,1.228479896488559,0.1237277513520553,1.228479896488559
Subject1,F1_B1_add,1.5Hz,0.09064554502500788,0.11948813257120823,1.636825950890681,0.24698384699137577,1.636825950890681
Subject1,F1_B1_add,1.5Hz,0.10887235730013615,0.1705646099315694,2.0281106167162495,0.37145903333015506,2.0281106167162495
Subject1,F1_B1_add,1.5Hz,0.12422748932819744,0.20440392812704983,2.432563052269259,0.4500934464321962,2.432563052269259
Subject1,F1_B1_add,2.5Hz,0.013458553475084734,0.010920859349458543,0.01995388882736455,0.8415261969697991,0.8415261969697991
Subject1,F1_B1_add,2.5Hz,0.029397245583703432,0.03689624931499933,0.04314269187868795,1.7431658913351122,1.7431658913351122
Subject1,F1_B1_add,2.5Hz,0.03741756855145337,0.053703132213362904,0.0723853300295749,2.5722581362633683,2.5722581362633683
Subject1,F1_B1_add,2.5Hz,0.04278008283086833,0.06331519115266579,0.09611700665509086,3.4276488622387467,3.4276488622387467
Subject1,F1_B1_add,2.5Hz,0.05241892708458462,0.07964458700010854,0.13300037507720508,4.330047162714976,4.330047162714976
Subject1,F1_B1_add,2.5Hz,0.05976885147800209,0.09193998182463788,0.16620629073449933,5.139666913587814,5.139666913587814
Subject2,F1_B1_add,0.5Hz,0.3579963171580265,0.09234351807929025,0.3574447117104465,0.04916604915466158,0.3579963171580265
Subject2,F1_B1_add,0.5Hz,0.7802680330077838,0.1607793863667469,0.8410960525234492,0.08927424616080007,0.7802680330077838
Subject2,F1_B1_add,0.5Hz,1.0927783855605504,0.22493005876231692,1.1464668596140868,0.1293247438086885,1.0927783855605504
Subject2,F1_B1_add,0.5Hz,1.316822115064131,0.27173918469009584,1.4991615644019016,0.15905909455988967,1.316822115064131
Subject2,F1_B1_add,0.5Hz,1.6553480889947099,0.3433644493835519,1.8325049203832267,0.19687158339117794,1.6553480889947099
Subject2,F1_B1_add,0.5Hz,2.118160127737067,0.43613591740426755,2.0674460308795237,0.25445745504071626,2.118160127737067
Subject2,F1_B1_add,1Hz,0.04532223888118782,0.5038605899280333,0.05560491769496281,0.055421047700666665,0.5038605899280333
Subject2,F1_B1_add,1Hz,0.07264668484840396,0.9557448296796367,0.09006521898167252,0.10580690661307515,0.9557448296796367
Subject2,F1_B1_add,1Hz,0.10169786501716535,1.3739676328833736,0.12399886059309043,0.17667298631597195,1.3739676328833736
Subject2,F1_B1_add,1Hz,0.12820865924434444,1.7875223940661824,0.1590387552327352,0.24396097616918533,1.7875223940661824
Subject2,F1_B1_add,1Hz,0.15287279867920184,2.231399730785698,0.19529301694551776,0.3134934732198353,2.231399730785698
Subject2,F1_B1_add,1Hz,0.17773481399198096,2.751386803677146,0.23815409774662102,0.3740041118747862,2.751386803677146
Subject2,F1_B1_add,1.5Hz,0.03470479399046322,0.05034388979138985,0.42931968433451595,0.059207038590256736,0.42931968433451595
Subject2,F1_B1_add,1.5Hz,0.07078974664236648,0.09329686462047278,0.8282578246351298,0.11221453921255128,0.8282578246351298
Subject2,F1_B1_add,1.5Hz,0.11023027669904176,0.13520010902415308,1.3152113289892595,0.16575604115501263,1.3152113289892595
Subject2,F1_B1_add,1.5Hz,0.14685113984590722,0.18064694867443845,1.7792490564677412,0.21771660937497692,1.7792490564677412
Subject2,F1_B1_add,1.5Hz,0.17371151842391844,0.21952085161035828,2.125658789155632,0.2662705595653553,2.125658789155632
Subject2,F1_B1_add,1.5Hz,0.19730939326286728,0.25581847787647444,2.559004293782165,0.30496173404253046,2.559004293782165
Subject2,F1_B1_add,2.5Hz,0.008046314531601621,0.01119471421883951,0.019908746113341903,0.8956282599588681,0.8956282599588681
Subject2,F1_B1_add,2.5Hz,0.015123941602114778,0.022154527422893644,0.04249120577356902,1.718225673229481,1.718225673229481
Subject2,F1_B1_add,2.5Hz,0.027244629361562953,0.0331354794637139,0.0572278134210696,2.5916885323560854,2.5916885323560854
Subject2,F1_B1_add,2.5Hz,0.03717382353342462,0.047088155696801984,0.08583994911690293,3.40395197200077,3.40395197200077
Subject2,F1_B1_add,2.5Hz,0.05413477909166406,0.05693053018036898,0.10627595831919434,4.18816015202919,4.18816015202919
Subject2,F1_B1_add,2.5Hz,0.06987201422370092,0.06383744878258404,0.12028066141150123,4.986265563074316,4.986265563074316
Subject3,F1_B1_add,0.5Hz,0.28758396761637867,0.08218664571628562,0.2082723907770434,0.10293797886967507,0.28758396761637867
Subject3,F1_B1_add,0.5Hz,0.5805822483041,0.16499594881532972,0.3657075938038167,0.17381992011380398,0.5805822483041
Subject3,F1_B1_add,0.5Hz,0.8195886503490002,0.23289468672666355,0.5246819592874289,0.2201339103621069,0.8195886503490002
Subject3,F1_B1_add,0.5Hz,1.0488080683277512,0.31116201002725635,0.7127985286527636,0.2953088016415081,1.0488080683277512
Subject3,F1_B1_add,0.5Hz,1.3900513238806507,0.3898000676831671,0.8951925454055939,0.36721880465686474,1.3900513238806507
Subject3,F1_B1_add,0.5Hz,1.7027303941866452,0.4546457857421572,1.0584118426514035,0.4174407746478639,1.7027303941866452
Subject3,F1_B1_add,1Hz,0.04420938772871909,0.2922138614795741,0.04404767119085415,0.058730088956681706,0.2922138614795741
Subject3,F1_B1_add,1Hz,0.08603342467495664,0.5569485174266494,0.09252327612703448,0.1033779301037204,0.5569485174266494
Subject3,F1_B1_add,1Hz,0.15024422954056582,0.844483433159032,0.12987061763214414,0.1526736984120765,0.844483433159032
Subject3,F1_B1_add,1Hz,0.22577633341863057,1.09144154325657,0.18054583746520714,0.22398051097828764,1.09144154325657
Subject3,F1_B1_add,1Hz,0.30336558171297373,1.2876566280287098,0.22099999139173887,0.27664982772758,1.2876566280287098
Subject3,F1_B1_add,1Hz,0.41848873066769887,1.5348785579000794,0.2692321742526541,0.3182665409756019,1.5348785579000794
Subject3,F1_B1_add,1.5Hz,0.027856349411148812,0.07519100464643674,0.46832681128003667,0.03704985530712657,0.46832681128003667
Subject3,F1_B1_add,1.5Hz,0.053172260132296645,0.16968505641468912,0.8779551966299349,0.06839449694015712,0.8779551966299349
Subject3,F1_B1_add,1.5Hz,0.09355525590041175,0.2698468287380636,1.3217704352493187,0.11032484430175357,1.3217704352493187
Subject3,F1_B1_add,1.5Hz,0.117828348159074,0.3455206739445213,1.7403930634591052,0.14585794539963848,1.7403930634591052
Subject3,F1_B1_add,1.5Hz,0.13638231099798184,0.38181696901858914,2.273411286129434,0.1757259700717772,2.273411286129434
Subject3,F1_B1_add,1.5Hz,0.1561863225366087,0.4249552162702985,2.8667771509897784,0.19971817530578456,2.8667771509897784
Subject3,F1_B1_add,2.5Hz,0.022695758846844608,0.03213552135240907,0.03829569789958656,0.7496028235481949,0.7496028235481949
Subject3,F1_B1_add,2.5Hz,0.04018318842026773,0.06332372859262808,0.11633564055673129,1.5556218978175718,1.5556218978175718
Subject3,F1_B1_add,2.5Hz,0.049138375755746436,0.07917731648956523,0.15899976174630423,2.3410926868365074,2.3410926868365074
Subject3,F1_B1_add,2.5Hz,0.057324206047019134,0.09192724182221977,0.1963421202516912,3.0722248124151834,3.0722248124151834
Subject3,F1_B1_add,2.5Hz,0.062206495170727516,0.10026063311998684,0.22154373790522902,3.9651937522399248,3.9651937522399248
Subject3,F1_B1_add,2.5Hz,0.06920408492819652,0.10972556832035593,0.26890239649294906,4.812580218324216,4.812580218324216
Subject4,F1_B1_add,0.5Hz,0.2919298427150213,0.09992500324843856,0.13057992007023236,0.061282199627961643,0.2919298427150213
Subject4,F1_B1_add,0.5Hz,0.48062252582757936,0.16532614648593408,0.21162638393910285,0.11912328918427761,0.48062252582757936
Subject4,F1_B1_add,0.5Hz,0.8341071898062107,0.2586703513911548,0.33214056665752406,0.17268887274876896,0.8341071898062107
Subject4,F1_B1_add,0.5Hz,1.0811103376374056,0.3260858803243597,0.4381245084679477,0.21894456991634978,1.0811103376374056
Subject4,F1_B1_add,0.5Hz,1.2769421410097812,0.39605690336751276,0.5282673188039874,0.2691237556156614,1.2769421410097812
Subject4,F1_B1_add,0.5Hz,1.6194986098916697,0.4951320751267291,0.6502659182781811,0.3269901496999953,1.6194986098916697
Subject4,F1_B1_add,1Hz,0.11251335702041157,0.3138515815357936,0.040434124746944355,0.05047268200183724,0.3138515815357936
Subject4,F1_B1_add,1Hz,0.21543137312113725,0.5493003135277466,0.09027099076885624,0.10486017801727641,0.5493003135277466
Subject4,F1_B1_add,1Hz,0.31179760421670555,0.8341373011256195,0.14236447753988946,0.15371136364834237,0.8341373011256195
Subject4,F1_B1_add,1Hz,0.4064468401217843,1.048079343156449,0.19991444033236286,0.21098959161182834,1.048079343156449
Subject4,F1_B1_add,1Hz,0.48831777955522476,1.258839320726611,0.25957984563641284,0.26468495049214297,1.258839320726611
Subject4,F1_B1_add,1Hz,0.6644609595977812,1.4899015697814932,0.3222492253502828,0.32612966171314,1.4899015697814932
Subject4,F1_B1_add,1.5Hz,0.027280478657185414,0.12359032545509492,0.5762275533055715,0.02227474498600931,0.5762275533055715
Subject4,F1_B1_add,1.5Hz,0.05510682297798734,0.3141198618219072,0.974285861144411,0.047410827223896765,0.974285861144411
Subject4,F1_B1_add,1.5Hz,0.07177238739297243,0.4713331417393076,1.333152908408446,0.07646542685213222,1.333152908408446
Subject4,F1_B1_add,1.5Hz,0.08903774145327206,0.5771268146469698,1.7999717775199526,0.10397254695145743,1.7999717775199526
Subject4,F1_B1_add,1.5Hz,0.1190091916746097,0.7494407190026692,2.1901247377657937,0.14158198108994158,2.1901247377657937
Subject4,F1_B1_add,1.5Hz,0.15252027290948603,0.8740779928683549,2.624976562869917,0.1804791108356929,2.624976562869917
Subject4,F1_B1_add,2.5Hz,0.005372334162164681,0.014542082396607803,0.05116734328244496,0.7279715581464911,0.7279715581464911
Subject4,F1_B1_add,2.5Hz,0.011744523266198167,0.03362913244600277,0.10930154200492889,1.429158497935734,1.429158497935734
Subject4,F1_B1_add,2.5Hz,0.016250875820944886,0.04737140369908381,0.17160041693888706,2.063993433959085,2.063993433959085
Subject4,F1_B1_add,2.5Hz,0.021780358372395427,0.06249869321381548,0.23302793516848064,2.623011172539387,2.623011172539387
Subject4,F1_B1_add,2.5Hz,0.031581540828048475,0.07972502967284455,0.2837305410341797,3.3891012024425438,3.3891012024425438
Subject4,F1_B1_add,2.5Hz,0.03887575187499081,0.14157035568496856,0.3498298567522405,4.103174509049355,4.103174509049355
Subject5,F1_B1_add,0.5Hz,0.28115336689768416,0.13822824604827,0.15280474104953068,0.0645227600270059,0.28115336689768416
Subject5,F1_B1_add,0.5Hz,0.5231808068354558,0.2896038976891815,0.2875150277256011,0.12682242636944246,0.5231808068354558
Subject5,F1_B1_add,0.5Hz,0.7197957417078944,0.4033883538398021,0.3912111128416734,0.18369482119464045,0.7197957417078944
Subject5,F1_B1_add,0.5Hz,0.8817313937354831,0.4922758266756444,0.4760680286554382,0.25302259215193457,0.8817313937354831
Subject5,F1_B1_add,0.5Hz,1.1348251623113141,0.5999607500497053,0.5979995741114943,0.31459113065996186,1.1348251623113141
Subject5,F1_B1_add,0.5Hz,1.2972368647448613,0.6835202407379974,0.6798294477783484,0.3631188041236495,1.2972368647448613
Subject5,F1_B1_add,1Hz,0.09164000445509485,0.3521870660206274,0.062299836363038576,0.07218006068407433,0.3521870660206274
Subject5,F1_B1_add,1Hz,0.14157276092173865,0.6190670526402052,0.1608133967343458,0.15405862677479154,0.6190670526402052
Subject5,F1_B1_add,1Hz,0.17477526130089382,0.8980054927321672,0.23664846276669588,0.22234407843180154,0.8980054927321672
Subject5,F1_B1_add,1Hz,0.2100310439506751,1.225902106301029,0.29434023508458396,0.2716370899076593,1.225902106301029
Subject5,F1_B1_add,1Hz,0.24753596405875167,1.6074970588395607,0.3408564267231563,0.3318877881833228,1.6074970588395607
Subject5,F1_B1_add,1Hz,0.276981833285124,1.967900453607856,0.4367304204428423,0.39704613494215213,1.967900453607856
Subject5,F1_B1_add,1.5Hz,0.02218706276161304,0.05157875020671618,0.6848494427335269,0.030085348280644686,0.6848494427335269
Subject5,F1_B1_add,1.5Hz,0.042736180099946716,0.08533367966091265,1.255960908080417,0.06288563870112598,1.255960908080417
Subject5,F1_B1_add,1.5Hz,0.06068828159987012,0.1376869960261075,1.8807182969895493,0.09779865200079715,1.8807182969895493
Subject5,F1_B1_add,1.5Hz,0.07463225917825562,0.17061993612666798,2.5719725537693368,0.11961800928139357,2.5719725537693368
Subject5,F1_B1_add,1.5Hz,0.08780698063756026,0.1963327425415784,3.4006682650096436,0.14481765557888987,3.4006682650096436
Subject5,F1_B1_add,1.5Hz,0.10102762888387946,0.25018141564329854,4.002739856064004,0.16659248269145538,4.002739856064004
Subject5,F1_B1_add,2.5Hz,0.010980648186130463,0.03285794012575312,0.03510224141327528,0.8205674651005386,0.8205674651005386
Subject5,F1_B1_add,2.5Hz,0.017164800244994942,0.046044775061694375,0.052140437767735553,1.619498432435325,1.619498432435325
Subject5,F1_B1_add,2.5Hz,0.022780779511479554,0.05891368567636431,0.07267545245079636,2.515394845468897,2.515394845468897
Subject5,F1_B1_add,2.5Hz,0.030054879950120395,0.06945212565338257,0.09736647745084898,3.3656548353038893,3.3656548353038893
Subject5,F1_B1_add,2.5Hz,0.033737854655554525,0.07756245952378157,0.11223797338980407,4.184189964070258,4.184189964070258
Subject5,F1_B1_add,2.5Hz,0.03689310309466438,0.08492076003375809,0.12740970995471143,5.105234613351368,5.105234613351368
Subject6,F1_B1_add,0.5Hz,0.162630760638534,0.053006052460266954,0.057245964441446695,0.059730227747551594,0.162630760638534
Subject6,F1_B1_add,0.5Hz,0.29667792450560637,0.09307799506232117,0.11696299031655444,0.12455830510033822,0.29667792450560637
Subject6,F1_B1_add,0.5Hz,0.41119103395370027,0.13195114855175125,0.18218043227092595,0.17688870407763396,0.41119103395370027
Subject6,F1_B1_add,0.5Hz,0.5276257407451689,0.18121596905026066,0.24028262434053108,0.22538778474467555,0.5276257407451689
Subject6,F1_B1_add,0.5Hz,0.681344429268544,0.21474955906965607,0.3153859794420121,0.2762530842053269,0.681344429268544
Subject6,F1_B1_add,0.5Hz,0.8057456186280362,0.24805632029857788,0.4213696113977427,0.33003549736594984,0.8057456186280362
Subject6,F1_B1_add,1Hz,0.027704883133909643,0.3580872368146639,0.05975373909254551,0.06066535549953363,0.3580872368146639
Subject6,F1_B1_add,1Hz,0.05572029769516745,0.6932292875837458,0.12075293092078943,0.12701346487376045,0.6932292875837458
Subject6,F1_B1_add,1Hz,0.08965906214448957,1.053888189423521,0.16190299043547793,0.1797850619958501,1.053888189423521
Subject6,F1_B1_add,1Hz,0.11919147870422525,1.4703604164330226,0.1934223913726511,0.22273285733139708,1.4703604164330226
Subject6,F1_B1_add,1Hz,0.14930475348233513,1.8892521901655663,0.24103856667273166,0.2804014906620504,1.8892521901655663
Subject6,F1_B1_add,1Hz,0.1759355103156217,2.228054474940315,0.29043302103234603,0.3358104306326498,2.228054474940315
Subject6,F1_B1_add,1.5Hz,0.009763029171453745,0.028182746808095818,0.6332098588468819,0.025609788081941615,0.6332098588468819
Subject6,F1_B1_add,1.5Hz,0.018868850683529146,0.04744514766546873,1.3195818846108458,0.051939078516800546,1.3195818846108458
Subject6,F1_B1_add,1.5Hz,0.026231310363067147,0.0667652094141935,2.0084588200328146,0.0798893901893811,2.0084588200328146
Subject6,F1_B1_add,1.5Hz,0.032239826773825545,0.10044137082218618,2.6505623329208867,0.11101841811140314,2.6505623329208867
Subject6,F1_B1_add,1.5Hz,0.04324137571972279,0.12319298947771379,3.2311837672091155,0.14554427160070815,3.2311837672091155
Subject6,F1_B1_add,1.5Hz,0.051126177878653055,0.1577155280746247,3.934655469869827,0.17455436435257718,3.934655469869827
Subject6,F1_B1_add,2.5Hz,0.002616726008566069,0.006212686358088886,0.027229507940670184,0.9662194645400926,0.9662194645400926
Subject6,F1_B1_add,2.5Hz,0.006079646743475078,0.0169622180508411,0.06117759247641967,1.9756702054066049,1.9756702054066049
Subject6,F1_B1_add,2.5Hz,0.011141929076100395,0.037074733770645914,0.10880396049092451,2.816716485857307,2.816716485857307
Subject6,F1_B1_add,2.5Hz,0.01752238716507692,0.05342404662366525,0.23059720419308583,3.6005956398058983,3.6005956398058983
Subject6,F1_B1_add,2.5Hz,0.02185010113496103,0.06345257512533792,0.28697769103763043,4.523755832670035,4.523755832670035
Subject6,F1_B1_add,2.5Hz,0.02550331911742232,0.07594870782563429,0.33129769785216384,5.418000187466179,5.418000187466179
Subject1,F1_B1,0.5Hz,0.272425223797973,0.25584427990918995,0.14596726221446263,0.1484105082012351,0.272425223797973
Subject1,F1_B1,0.5Hz,0.5918188465247842,0.4319117435407736,0.3469486071021066,0.28936789643294114,0.5918188465247842
Subject1,F1_B1,0.5Hz,0.9773204771488597,0.5364180040520277,0.7564146433057353,0.3676998140353916,0.9773204771488597
Subject1,F1_B1,0.5Hz,1.32380361326106,0.6745135100683363,1.1642216277273687,0.44616384580449076,1.32380361326106
Subject1,F1_B1,0.5Hz,1.6777515079639835,0.7815752934946723,1.6694739270313286,0.5090809194568621,1.6777515079639835
Subject1,F1_B1,0.5Hz,2.0885499617906476,0.8701714460646524,2.2379447569996547,0.5799034290821381,2.0885499617906476
Subject1,F1_B1,1Hz,0.07114123979327254,0.38858369356449574,0.14483881227889026,0.0746085782847234,0.38858369356449574
Subject1,F1_B1,1Hz,0.13715267697251932,0.9323680258617114,0.31828658790256115,0.14263378888281758,0.9323680258617114
Subject1,F1_B1,1Hz,0.22070501244207558,1.4417099238323146,0.5168211915490344,0.2486114855568845,1.4417099238323146
Subject1,F1_B1,1Hz,0.30751289525622677,2.0203424545122908,0.6546487813407107,0.311472705353347,2.0203424545122908
Subject1,F1_B1,1Hz,0.3709405650792157,2.656135665820536,0.8103964755396017,0.36925120454817717,2.656135665820536
Subject1,F1_B1,1Hz,0.4689168151520129,3.338341376819797,0.9320127553924974,0.43141856065838,3.338341376819797
Subject1,F1_B1,1.5Hz,0.09144945606612173,0.09235583346464037,0.43502327739372854,0.07936321106779026,0.43502327739372854
Subject1,F1_B1,1.5Hz,0.16770514759288616,0.1800113386330211,0.7446300577546707,0.22400866985235632,0.7446300577546707
Subject1,F1_B1,1.5Hz,0.28364770813878615,0.29828721745699605,1.0601097875872019,0.30913082334194936,1.0601097875872019
Subject1,F1_B1,1.5Hz,0.3476169071451254,0.3758196240101855,1.2895682694439234,0.5841900850344298,1.2895682694439234
Subject1,F1_B1,1.5Hz,0.40186917464654437,0.4905460300044183,1.5261225391197173,0.8801070582226802,1.5261225391197173
Subject1,F1_B1,1.5Hz,0.4755194399279263,0.5736842234186859,1.7599580321834911,1.0618552990873404,1.7599580321834911
Subject1,F1_B1,2.5Hz,0.07288710514757128,0.0510812404050503,0.0823249180526538,0.4030399076962445,0.4030399076962445
Subject1,F1_B1,2.5Hz,0.13392065351313115,0.13551879177175974,0.17974418978014867,0.6784284641687989,0.6784284641687989
Subject1,F1_B1,2.5Hz,0.1713836250910144,0.19964179626341588,0.3094947851947185,0.9741401701205261,0.9741401701205261
Subject1,F1_B1,2.5Hz,0.1997475050490807,0.2463854207902512,0.4436756822214194,1.2915229044339032,1.2915229044339032
Subject1,F1_B1,2.5Hz,0.23949420708255292,0.3164116539981643,0.5992501896682065,1.6310295943552164,1.6310295943552164
Subject1,F1_B1,2.5Hz,0.2797807116522315,0.38060320156954985,0.7402217803155363,2.048487031829498,2.048487031829498
Subject2,F1_B1,0.5Hz,0.4922873260503828,0.09104212211235536,0.32293205765147026,0.048653226826755484,0.4922873260503828
Subject2,F1_B1,0.5Hz,1.059352512734569,0.1597040534189509,0.7442976863815614,0.083997152755782,1.059352512734569
Subject2,F1_B1,0.5Hz,1.6038800557073647,0.24970957486710396,1.1100669669125103,0.12680760503804067,1.6038800557073647
Subject2,F1_B1,0.5Hz,2.127915985458597,0.3217550702104348,1.610805873798979,0.16425382476136732,2.127915985458597
Subject2,F1_B1,0.5Hz,2.648692687753864,0.40875179039533177,1.9922915773509013,0.20244564240850887,2.648692687753864
Subject2,F1_B1,0.5Hz,3.2483524337480247,0.5234875600878292,2.254534331490932,0.2487136128670569,3.2483524337480247
Subject2,F1_B1,1Hz,0.09843338231835592,0.557175291946524,0.11727545265689276,0.05609156172563239,0.557175291946524
Subject2,F1_B1,1Hz,0.16316173310527138,1.1246872769877458,0.21254974522455228,0.1069432720589828,1.1246872769877458
Subject2,F1_B1,1Hz,0.22841775611646603,1.739669174281452,0.31104990198658294,0.16622670129496447,1.739669174281452
Subject2,F1_B1,1Hz,0.2864421506024163,2.3551055730010786,0.40623549089731065,0.24070672194706283,2.3551055730010786
Subject2,F1_B1,1Hz,0.34882422124876994,3.0696226373481776,0.48370134220141364,0.3015718713156169,3.0696226373481776
Subject2,F1_B1,1Hz,0.39949350026695196,3.776519351813135,0.5798139907655058,0.3783162601016671,3.776519351813135
Subject2,F1_B1,1.5Hz,0.1357234675515576,0.13849739125882152,0.29009718928442857,0.11550182909134013,0.29009718928442857
Subject2,F1_B1,1.5Hz,0.268876395585812,0.26681131217563364,0.5757447639885951,0.2290364563365988,0.5757447639885951
Subject2,F1_B1,1.5Hz,0.44153796335381423,0.39481888873757864,0.8766474645826219,0.34247720132800136,0.8766474645826219
Subject2,F1_B1,1.5Hz,0.6051348668901397,0.5439896389585781,1.1804040388147128,0.41937621193314184,1.1804040388147128
Subject2,F1_B1,1.5Hz,0.7426806781198142,0.7193758576617963,1.5192486761529918,0.5062039888611741,1.5192486761529918
Subject2,F1_B1,1.5Hz,0.8481537669403488,0.8639363766513355,1.9106660094912262,0.5914021051330803,1.9106660094912262
Subject2,F1_B1,2.5Hz,0.05793109798506929,0.08413309431348798,0.13886978530933303,0.3580328705042004,0.3580328705042004
Subject2,F1_B1,2.5Hz,0.10186292726493618,0.15358105487381876,0.28214350194622806,0.691258790123384,0.691258790123384
Subject2,F1_B1,2.5Hz,0.1662684512966745,0.22280920997601128,0.37177536343565765,1.0569513180370789,1.0569513180370789
Subject2,F1_B1,2.5Hz,0.20865749684779233,0.291737537275197,0.5067178295768414,1.3294379328772887,1.3294379328772887
Subject2,F1_B1,2.5Hz,0.2833213204906478,0.3565901802708805,0.6221649944823225,1.6023952549323357,1.6023952549323357
Subject2,F1_B1,2.5Hz,0.38958053742966203,0.40831152025089046,0.734635768121975,1.8835967608623525,1.8835967608623525
Subject3,F1_B1,0.5Hz,0.3857741040198346,0.11120595618698968,0.25806077993482907,0.10610875566081115,0.3857741040198346
Subject3,F1_B1,0.5Hz,0.8906805603743869,0.2315187804558702,0.4404036763516502,0.17981414158629444,0.8906805603743869
Subject3,F1_B1,0.5Hz,1.3656301203886159,0.3426468588059835,0.6479734292127297,0.23841935846913012,1.3656301203886159
Subject3,F1_B1,0.5Hz,1.7749650045509,0.44760344459970136,0.8552113010377704,0.3204552512829345,1.7749650045509
Subject3,F1_B1,0.5Hz,2.278916767619012,0.5425666926763528,1.0421592778599154,0.3906058386108272,2.278916767619012
Subject3,F1_B1,0.5Hz,2.8424740469150516,0.639166262743987,1.2259300331608483,0.4398913333774464,2.8424740469150516
Subject3,F1_B1,1Hz,0.11741547866885045,0.6093116770251208,0.08359203866980178,0.06675157428769034,0.6093116770251208
Subject3,F1_B1,1Hz,0.23750827993799223,1.1554717962460195,0.205402338278724,0.12003954953992249,1.1554717962460195
Subject3,F1_B1,1Hz,0.38298747496559615,1.726649997705958,0.29752012977184544,0.17879325154135722,1.726649997705958
Subject3,F1_B1,1Hz,0.5410273226354421,2.2007097212838476,0.4200080112821579,0.2613109584000179,2.2007097212838476
Subject3,F1_B1,1Hz,0.7515297045704956,2.684987492447,0.526782340234733,0.3148362757769001,2.684987492447
Subject3,F1_B1,1Hz,0.9743363214370446,3.1214477201458375,0.6385811685737466,0.37405281090113135,3.1214477201458375
Subject3,F1_B1,1.5Hz,0.10466355816419651,0.2336068013638363,0.2973207573986407,0.08072145091913391,0.2973207573986407
Subject3,F1_B1,1.5Hz,0.18823888985579712,0.47777908626952326,0.5716291736570744,0.15318972493748967,0.5716291736570744
Subject3,F1_B1,1.5Hz,0.3105106825208087,0.7252623679222922,0.8220494274892549,0.23325924128569286,0.8220494274892549
Subject3,F1_B1,1.5Hz,0.39482916173705906,0.9321434458476519,1.1748107576772164,0.3043025749009757,1.1748107576772164
Subject3,F1_B1,1.5Hz,0.48633822578319985,1.0758486506392537,1.507456849960314,0.3639158521530787,1.507456849960314
Subject3,F1_B1,1.5Hz,0.5812018571428484,1.2492892361010175,1.9248263671406596,0.4100073597616812,1.9248263671406596
Subject3,F1_B1,2.5Hz,0.105035328794231,0.12315172176025804,0.18399088420201706,0.2534840800391323,0.2534840800391323
Subject3,F1_B1,2.5Hz,0.18443261681695605,0.2466178302375569,0.5027474064334543,0.44873121904471386,0.44873121904471386
Subject3,F1_B1,2.5Hz,0.22888761535635727,0.3164811813092555,0.7116575543814674,0.6046267247310105,0.6046267247310105
Subject3,F1_B1,2.5Hz,0.27511184759613055,0.38373815591197097,0.904695522949416,0.8242007828815194,0.8242007828815194
Subject3,F1_B1,2.5Hz,0.3072927211806621,0.43754637953067227,1.0491586513488658,1.118231927148397,1.118231927148397
Subject3,F1_B1,2.5Hz,0.34104009699182014,0.4832549701328366,1.2615932515331065,1.3307504375751844,1.3307504375751844
Subject4,F1_B1,0.5Hz,0.513589626729901,0.14557891826714126,0.14925683317530308,0.0706103346652223,0.513589626729901
Subject4,F1_B1,0.5Hz,0.9762111935368316,0.25737815629185096,0.26695680690731516,0.14905566780196067,0.9762111935368316
Subject4,F1_B1,0.5Hz,1.4789729603402297,0.38361139615985457,0.3953715150141708,0.2061651470149423,1.4789729603402297
Subject4,F1_B1,0.5Hz,1.9458659205337832,0.5049994815004719,0.5419566775138351,0.25847136772275214,1.9458659205337832
Subject4,F1_B1,0.5Hz,2.3586011387303873,0.662169076944001,0.7227550391851476,0.33024434248606965,2.3586011387303873
Subject4,F1_B1,0.5Hz,2.8536115791569943,0.8038361723200752,0.8674226497198736,0.39663358137842725,2.8536115791569943
Subject4,F1_B1,1Hz,0.2087229018333015,0.5262047353004088,0.08487036758645122,0.07350198538032474,0.5262047353004088
Subject4,F1_B1,1Hz,0.41597769416714164,0.9647813928950433,0.1941874205680867,0.1488745160949007,0.9647813928950433
Subject4,F1_B1,1Hz,0.5859052912511026,1.432372218185224,0.29969837915937936,0.22467536582950692,1.432372218185224
Subject4,F1_B1,1Hz,0.7279174903301879,1.8310144972001863,0.41418949061634414,0.3204380717468097,1.8310144972001863
Subject4,F1_B1,1Hz,0.8732280013834837,2.2310220681869226,0.529556662390292,0.40094128183461003,2.2310220681869226
Subject4,F1_B1,1Hz,1.1552893622274978,2.627423987029486,0.6486816599851084,0.4777387015982606,2.627423987029486
Subject4,F1_B1,1.5Hz,0.11149814654358395,0.3495495477916943,0.32423962786068167,0.052207798162537206,0.32423962786068167
Subject4,F1_B1,1.5Hz,0.22571566199866114,0.8225355980237222,0.595860028442621,0.09864151405168783,0.595860028442621
Subject4,F1_B1,1.5Hz,0.29160739670465197,1.2273670108936527,0.9137432881890657,0.170722529081128,0.9137432881890657
Subject4,F1_B1,1.5Hz,0.3602490153746416,1.5491415199129897,1.2388274985649392,0.23883667718864965,1.2388274985649392
Subject4,F1_B1,1.5Hz,0.46036111457223095,1.9602533509240656,1.4847694470797461,0.31799496061753046,1.4847694470797461
Subject4,F1_B1,1.5Hz,0.5847800529999192,2.28329042006623,1.7891691559751601,0.39380528876934917,1.7891691559751601
Subject4,F1_B1,2.5Hz,0.02808068308076347,0.07022457793067527,0.24501513325186838,0.32503284123169884,0.32503284123169884
Subject4,F1_B1,2.5Hz,0.05746652744474405,0.14893772122623705,0.4951779228934866,0.7061123528970751,0.7061123528970751
Subject4,F1_B1,2.5Hz,0.07683003991468394,0.20297204288900209,0.7348006037136376,1.206015276443039,1.206015276443039
Subject4,F1_B1,2.5Hz,0.09677385343147694,0.2529380379999837,0.9399621125946351,1.5787050011128136,1.5787050011128136
Subject4,F1_B1,2.5Hz,0.15143606993672906,0.33361670966023826,1.1773782291205355,1.9234964929476268,1.9234964929476268
Subject4,F1_B1,2.5Hz,0.18379766361686514,0.538159633159234,1.478037393683216,2.1962815840525183,2.1962815840525183
Subject5,F1_B1,0.5Hz,0.47356846067576747,0.20390780627826707,0.1842324315621097,0.07792120909144828,0.47356846067576747
Subject5,F1_B1,0.5Hz,0.9870178057684524,0.4156414138180142,0.37083462120147975,0.14870025947029136,0.9870178057684524
Subject5,F1_B1,0.5Hz,1.4888037740775095,0.6200001770198527,0.5448826592404467,0.21022582924268574,1.4888037740775095
Subject5,F1_B1,0.5Hz,1.9202165550696841,0.8148976008050304,0.7121441848519139,0.31259823483747723,1.9202165550696841
Subject5,F1_B1,0.5Hz,2.4375313732971398,0.9905242772072232,0.890721755388784,0.3905224313261639,2.4375313732971398
Subject5,F1_B1,0.5Hz,2.843443855482198,1.1690295417267007,1.034981826595766,0.4678179991653304,2.843443855482198
Subject5,F1_B1,1Hz,0.15797396092304047,0.6338476181542544,0.13854750294654072,0.06881348727566496,0.6338476181542544
Subject5,F1_B1,1Hz,0.24596597202655826,1.1769587102147858,0.33881883772735044,0.16423201805143836,1.1769587102147858
Subject5,F1_B1,1Hz,0.31036861019452583,1.7720493730215254,0.47751421258793686,0.26704083534396,1.7720493730215254
Subject5,F1_B1,1Hz,0.37188156163292685,2.420119367666878,0.5820974832827587,0.3271181800569201,2.420119367666878
Subject5,F1_B1,1Hz,0.44016946050474653,3.084841625654675,0.6693088507033593,0.3724934770398111,3.084841625654675
Subject5,F1_B1,1Hz,0.4929719985212606,3.6265866516716803,0.8442171473208221,0.44417365982221646,3.6265866516716803
Subject5,F1_B1,1.5Hz,0.09151580095694767,0.1526021207083058,0.44473405288821993,0.06683236906590088,0.44473405288821993
Subject5,F1_B1,1.5Hz,0.1877591136915989,0.27046963824658055,0.8209174364446605,0.1360991226203995,0.8209174364446605
Subject5,F1_B1,1.5Hz,0.26481379007504807,0.4281204057742911,1.1895858778152357,0.24088279120126668,1.1895858778152357
Subject5,F1_B1,1.5Hz,0.32858935524213173,0.5555058927496608,1.5866912950867214,0.32328431402893637,1.5866912950867214
Subject5,F1_B1,1.5Hz,0.3953149567979242,0.6568465709949459,2.0284804830847385,0.39474855679081633,2.0284804830847385
Subject5,F1_B1,1.5Hz,0.4646949362255896,0.9055912728658037,2.330925520055289,0.4505538068699762,2.330925520055289
Subject5,F1_B1,2.5Hz,0.05369910063814185,0.12413202332565915,0.17101357829938033,0.25341745080942274,0.25341745080942274
Subject5,F1_B1,2.5Hz,0.09203851245772363,0.18914395713051466,0.2666080137715112,0.6010524823526504,0.6010524823526504
Subject5,F1_B1,2.5Hz,0.13961696555906172,0.28455510587004795,0.4177164463639642,0.9371349097079769,0.9371349097079769
Subject5,F1_B1,2.5Hz,0.18990072187088683,0.35896612520848653,0.601722422430315,1.1983630201105404,1.1983630201105404
Subject5,F1_B1,2.5Hz,0.21494070006443225,0.4085543529625429,0.7034505815561485,1.414126924290418,1.414126924290418
Subject5,F1_B1,2.5Hz,0.23694668313857825,0.447532327174528,0.7850513847376381,1.6976073490994945,1.6976073490994945
Subject6,F1_B1,0.5Hz,0.4740903804384575,0.12845088934434332,0.1206023108530645,0.11741215327978392,0.4740903804384575
Subject6,F1_B1,0.5Hz,0.9550447742621514,0.24200959955225607,0.26127092413513964,0.25275130945685703,0.9550447742621514
Subject6,F1_B1,0.5Hz,1.386413497631168,0.36019117009599516,0.41744561702839933,0.36297554797505216,1.386413497631168
Subject6,F1_B1,0.5Hz,1.8482030645274685,0.5035971406064748,0.5586619913888904,0.47283905625869393,1.8482030645274685
Subject6,F1_B1,0.5Hz,2.30260598604406,0.5872644767978461,0.7188930171264272,0.5674885030940194,2.30260598604406
Subject6,F1_B1,0.5Hz,2.708927944180391,0.6786568845093061,0.9138138611952658,0.6500639509091487,2.708927944180391
Subject6,F1_B1,1Hz,0.07525642307357876,0.707411879967872,0.1283064226086546,0.08014485885125576,0.707411879967872
Subject6,F1_B1,1Hz,0.14312567873759457,1.4340044312620592,0.2487233383873044,0.18391189009423156,1.4340044312620592
Subject6,F1_B1,1Hz,0.2219881171162849,2.0295550955462422,0.3405933696557869,0.2503758498312453,2.0295550955462422
Subject6,F1_B1,1Hz,0.2977278402614508,2.811159688005855,0.4216214539983418,0.3057567069734813,2.811159688005855
Subject6,F1_B1,1Hz,0.37134328704657127,3.555578142743186,0.5242834559353587,0.3827521905551669,3.555578142743186
Subject6,F1_B1,1Hz,0.43655627275401476,4.348099644592342,0.6177692505131314,0.47069939343824907,4.348099644592342
Subject6,F1_B1,1.5Hz,0.059968217656540417,0.13230044218888343,0.5887488926233612,0.041991119908232746,0.5887488926233612
Subject6,F1_B1,1.5Hz,0.12361652309505364,0.2443951102327113,1.2025968133928093,0.0906834725142116,1.2025968133928093
Subject6,F1_B1,1.5Hz,0.1733080335579842,0.34984691393642275,1.9289675206769625,0.12395188255581506,1.9289675206769625
Subject6,F1_B1,1.5Hz,0.21756190658339314,0.4948710467520907,2.609547887784759,0.157385320832543,2.609547887784759
Subject6,F1_B1,1.5Hz,0.27808904541504886,0.6190909564417348,3.207364657143199,0.19125723421844054,3.207364657143199
Subject6,F1_B1,1.5Hz,0.31896267312269255,0.7498969334170331,3.891175076488422,0.23119434047736948,3.891175076488422
Subject6,F1_B1,2.5Hz,0.019434415363050933,0.03753184137924931,0.15112661355482565,0.264016734418909,0.264016734418909
Subject6,F1_B1,2.5Hz,0.044621460176042294,0.09158808184162773,0.3329380502168574,0.5962116548076988,0.5962116548076988
Subject6,F1_B1,2.5Hz,0.07267973504571297,0.17808628591525397,0.5411280156422036,0.8811757596637362,0.8811757596637362
Subject6,F1_B1,2.5Hz,0.09796343695582566,0.24636620668476072,0.8849264346989418,1.08022617337406,1.08022617337406
Subject6,F1_B1,2.5Hz,0.1342353144005961,0.3122695000519765,1.10943428819321,1.489433325822552,1.489433325822552
Subject6,F1_B1,2.5Hz,0.17415457684138141,0.4111808796655015,1.4861762397024585,1.7650186170679105,1.7650186170679105
