Subject,Force,BallFreq,Window,Resonance
Subject1,F0_B1,0.5Hz,win0.1,0.022487023186154986
Subject1,F0_B1,0.5Hz,win0.2,0.07644296528112138
Subject1,F0_B1,0.5Hz,win0.3,0.09727330339707468
Subject1,F0_B1,0.5Hz,win0.1,0.05737031450642739
Subject1,F0_B1,0.5Hz,win0.2,0.11017305232291674
Subject1,F0_B1,0.5Hz,win0.3,0.15778391068736217
Subject1,F0_B1,0.5Hz,win0.1,0.07032564596446089
Subject1,F0_B1,0.5Hz,win0.2,0.1233534442232875
Subject1,F0_B1,0.5Hz,win0.3,0.1638649235140772
Subject1,F0_B1,0.5Hz,win0.1,0.131194675225939
Subject1,F0_B1,0.5Hz,win0.2,0.22669204013427016
Subject1,F0_B1,0.5Hz,win0.3,0.3402324336606054
Subject1,F0_B1,0.5Hz,win0.1,0.11946393907809931
Subject1,F0_B1,0.5Hz,win0.2,0.2521395765154951
Subject1,F0_B1,0.5Hz,win0.3,0.3701784960774719
Subject1,F0_B1,0.5Hz,win0.1,0.15767277024755386
Subject1,F0_B1,0.5Hz,win0.2,0.2853114066294649
Subject1,F0_B1,0.5Hz,win0.3,0.3544007203739815
Subject1,F0_B1,1Hz,win0.1,0.1632325367977019
Subject1,F0_B1,1Hz,win0.2,0.2419416424731171
Subject1,F0_B1,1Hz,win0.3,0.3491205695469287
Subject1,F0_B1,1Hz,win0.1,0.2375101125078418
Subject1,F0_B1,1Hz,win0.2,0.30469102333662745
Subject1,F0_B1,1Hz,win0.3,0.4780839317139217
Subject1,F0_B1,1Hz,win0.1,0.19021857274096202
Subject1,F0_B1,1Hz,win0.2,0.27025380190494863
Subject1,F0_B1,1Hz,win0.3,0.3848935783760906
Subject1,F0_B1,1Hz,win0.1,0.2671037954771363
Subject1,F0_B1,1Hz,win0.2,0.45064620470863936
Subject1,F0_B1,1Hz,win0.3,0.5383448450212704
Subject1,F0_B1,1Hz,win0.1,0.15778897908437242
Subject1,F0_B1,1Hz,win0.2,0.3032249712943534
Subject1,F0_B1,1Hz,win0.3,0.42602860309375795
Subject1,F0_B1,1Hz,win0.1,0.21750357334934778
Subject1,F0_B1,1Hz,win0.2,0.4381013021020458
Subject1,F0_B1,1Hz,win0.3,0.5616501392963926
Subject1,F0_B1,1.5Hz,win0.1,0.10414589362759806
Subject1,F0_B1,1.5Hz,win0.2,0.2039654205415135
Subject1,F0_B1,1.5Hz,win0.3,0.27653485461899047
Subject1,F0_B1,1.5Hz,win0.1,0.10354730758307402
Subject1,F0_B1,1.5Hz,win0.2,0.22508835880576195
Subject1,F0_B1,1.5Hz,win0.3,0.296374852856841
Subject1,F0_B1,1.5Hz,win0.1,0.10016765398789361
Subject1,F0_B1,1.5Hz,win0.2,0.14209575374459113
Subject1,F0_B1,1.5Hz,win0.3,0.21207340628539867
Subject1,F0_B1,1.5Hz,win0.1,0.09546968734555682
Subject1,F0_B1,1.5Hz,win0.2,0.1388899449648004
Subject1,F0_B1,1.5Hz,win0.3,0.21035152983567082
Subject1,F0_B1,1.5Hz,win0.1,0.028100669032686258
Subject1,F0_B1,1.5Hz,win0.2,0.10772217058299836
Subject1,F0_B1,1.5Hz,win0.3,0.19858032894546412
Subject1,F0_B1,1.5Hz,win0.1,0.1053673490525772
Subject1,F0_B1,1.5Hz,win0.2,0.25572400469761586
Subject1,F0_B1,1.5Hz,win0.3,0.388671660202366
Subject1,F0_B1,2.5Hz,win0.1,0.038452593695153185
Subject1,F0_B1,2.5Hz,win0.2,0.06597247081992678
Subject1,F0_B1,2.5Hz,win0.3,0.08052659219988532
Subject1,F0_B1,2.5Hz,win0.1,0.10238825333975841
Subject1,F0_B1,2.5Hz,win0.2,0.1368267003235364
Subject1,F0_B1,2.5Hz,win0.3,0.22560930348478672
Subject1,F0_B1,2.5Hz,win0.1,0.0778523764246284
Subject1,F0_B1,2.5Hz,win0.2,0.16381163874692437
Subject1,F0_B1,2.5Hz,win0.3,0.2839505582053847
Subject1,F0_B1,2.5Hz,win0.1,0.09065202534675323
Subject1,F0_B1,2.5Hz,win0.2,0.1688341500514034
Subject1,F0_B1,2.5Hz,win0.3,0.23814511312659417
Subject1,F0_B1,2.5Hz,win0.1,0.06890763092462206
Subject1,F0_B1,2.5Hz,win0.2,0.19694527747112808
Subject1,F0_B1,2.5Hz,win0.3,0.2925393343864256
Subject1,F0_B1,2.5Hz,win0.1,0.08817760580582386
Subject1,F0_B1,2.5Hz,win0.2,0.19186837146353827
Subject1,F0_B1,2.5Hz,win0.3,0.3044665729184403
Subject2,F0_B1,0.5Hz,win0.1,0.07532033854780329
Subject2,F0_B1,0.5Hz,win0.2,0.16699791406066916
Subject2,F0_B1,0.5Hz,win0.3,0.25975387328129124
Subject2,F0_B1,0.5Hz,win0.1,0.14268851997539425
Subject2,F0_B1,0.5Hz,win0.2,0.2267296824674069
Subject2,F0_B1,0.5Hz,win0.3,0.2968651523516567
Subject2,F0_B1,0.5Hz,win0.1,0.1451575962840329
Subject2,F0_B1,0.5Hz,win0.2,0.2978610340571735
Subject2,F0_B1,0.5Hz,win0.3,0.35343501411835837
Subject2,F0_B1,0.5Hz,win0.1,0.13658861262229852
Subject2,F0_B1,0.5Hz,win0.2,0.22456191284249308
Subject2,F0_B1,0.5Hz,win0.3,0.3086243150852566
Subject2,F0_B1,0.5Hz,win0.1,0.21748307271904022
Subject2,F0_B1,0.5Hz,win0.2,0.3567675457082033
Subject2,F0_B1,0.5Hz,win0.3,0.4305121770041258
Subject2,F0_B1,0.5Hz,win0.1,0.11307266035910647
Subject2,F0_B1,0.5Hz,win0.2,0.22884037614940947
Subject2,F0_B1,0.5Hz,win0.3,0.3116756546280575
Subject2,F0_B1,1Hz,win0.1,0.16318344153985365
Subject2,F0_B1,1Hz,win0.2,0.2600280566259263
Subject2,F0_B1,1Hz,win0.3,0.3421496544207514
Subject2,F0_B1,1Hz,win0.1,0.11832402191979138
Subject2,F0_B1,1Hz,win0.2,0.2667351879188527
Subject2,F0_B1,1Hz,win0.3,0.36573398570224597
Subject2,F0_B1,1Hz,win0.1,0.11118283102444836
Subject2,F0_B1,1Hz,win0.2,0.20997037362217225
Subject2,F0_B1,1Hz,win0.3,0.2643542937579986
Subject2,F0_B1,1Hz,win0.1,0.0959888146433504
Subject2,F0_B1,1Hz,win0.2,0.2966669051339178
Subject2,F0_B1,1Hz,win0.3,0.4068702604319436
Subject2,F0_B1,1Hz,win0.1,0.1611637869568583
Subject2,F0_B1,1Hz,win0.2,0.2632616658401781
Subject2,F0_B1,1Hz,win0.3,0.3478554563951574
Subject2,F0_B1,1Hz,win0.1,0.188405022464949
Subject2,F0_B1,1Hz,win0.2,0.40104381856952614
Subject2,F0_B1,1Hz,win0.3,0.5169462560158424
Subject2,F0_B1,1.5Hz,win0.1,0.1143135868205719
Subject2,F0_B1,1.5Hz,win0.2,0.23811883947381227
Subject2,F0_B1,1.5Hz,win0.3,0.3126107216677815
Subject2,F0_B1,1.5Hz,win0.1,0.07669405382034429
Subject2,F0_B1,1.5Hz,win0.2,0.19362116331543086
Subject2,F0_B1,1.5Hz,win0.3,0.27282452437860355
Subject2,F0_B1,1.5Hz,win0.1,0.0701093896016584
Subject2,F0_B1,1.5Hz,win0.2,0.2532230544085996
Subject2,F0_B1,1.5Hz,win0.3,0.37490002521080507
Subject2,F0_B1,1.5Hz,win0.1,0.08679226405508018
Subject2,F0_B1,1.5Hz,win0.2,0.22829480598665255
Subject2,F0_B1,1.5Hz,win0.3,0.3725859349698086
Subject2,F0_B1,1.5Hz,win0.1,0.06983391716070886
Subject2,F0_B1,1.5Hz,win0.2,0.16554646633330564
Subject2,F0_B1,1.5Hz,win0.3,0.25933195313055807
Subject2,F0_B1,1.5Hz,win0.1,0.052893895471098115
Subject2,F0_B1,1.5Hz,win0.2,0.2078065897594317
Subject2,F0_B1,1.5Hz,win0.3,0.337703544523817
Subject2,F0_B1,2.5Hz,win0.1,0.16683329443567624
Subject2,F0_B1,2.5Hz,win0.2,0.29487503282249317
Subject2,F0_B1,2.5Hz,win0.3,0.34173440722793125
Subject2,F0_B1,2.5Hz,win0.1,0.10937344216850027
Subject2,F0_B1,2.5Hz,win0.2,0.1875095659319384
Subject2,F0_B1,2.5Hz,win0.3,0.2821269701772116
Subject2,F0_B1,2.5Hz,win0.1,0.045175673910251374
Subject2,F0_B1,2.5Hz,win0.2,0.09488775151828323
Subject2,F0_B1,2.5Hz,win0.3,0.1289585043703047
Subject2,F0_B1,2.5Hz,win0.1,0.07628980500845278
Subject2,F0_B1,2.5Hz,win0.2,0.15887054776908227
Subject2,F0_B1,2.5Hz,win0.3,0.21356252116817329
Subject2,F0_B1,2.5Hz,win0.1,0.050517246652235295
Subject2,F0_B1,2.5Hz,win0.2,0.12129839914696244
Subject2,F0_B1,2.5Hz,win0.3,0.16519354841289466
Subject2,F0_B1,2.5Hz,win0.1,0.06727695654914004
Subject2,F0_B1,2.5Hz,win0.2,0.134727749526234
Subject2,F0_B1,2.5Hz,win0.3,0.20030253905305745
Subject3,F0_B1,0.5Hz,win0.1,0.13555205893834255
Subject3,F0_B1,0.5Hz,win0.2,0.2167067388582013
Subject3,F0_B1,0.5Hz,win0.3,0.3092769640159172
Subject3,F0_B1,0.5Hz,win0.1,0.11289234268803622
Subject3,F0_B1,0.5Hz,win0.2,0.19704065833514514
Subject3,F0_B1,0.5Hz,win0.3,0.2660632599352201
Subject3,F0_B1,0.5Hz,win0.1,0.07433969018606228
Subject3,F0_B1,0.5Hz,win0.2,0.23676869910476783
Subject3,F0_B1,0.5Hz,win0.3,0.4479161553158882
Subject3,F0_B1,0.5Hz,win0.1,0.14393790801514392
Subject3,F0_B1,0.5Hz,win0.2,0.3386279174366913
Subject3,F0_B1,0.5Hz,win0.3,0.4747975338067783
Subject3,F0_B1,0.5Hz,win0.1,0.06886899652911548
Subject3,F0_B1,0.5Hz,win0.2,0.3694986471000477
Subject3,F0_B1,0.5Hz,win0.3,0.4575704670824042
Subject3,F0_B1,0.5Hz,win0.1,0.15272775203999875
Subject3,F0_B1,0.5Hz,win0.2,0.26589113756890753
Subject3,F0_B1,0.5Hz,win0.3,0.4200589701029502
Subject3,F0_B1,1Hz,win0.1,0.11280439499731665
Subject3,F0_B1,1Hz,win0.2,0.23443658060441497
Subject3,F0_B1,1Hz,win0.3,0.3495138684959062
Subject3,F0_B1,1Hz,win0.1,0.10076051367482808
Subject3,F0_B1,1Hz,win0.2,0.2577466164971329
Subject3,F0_B1,1Hz,win0.3,0.44270070853829246
Subject3,F0_B1,1Hz,win0.1,0.10863207229114626
Subject3,F0_B1,1Hz,win0.2,0.19046498112264348
Subject3,F0_B1,1Hz,win0.3,0.311875484739001
Subject3,F0_B1,1Hz,win0.1,0.11039575250579901
Subject3,F0_B1,1Hz,win0.2,0.2739517366220407
Subject3,F0_B1,1Hz,win0.3,0.40253591331056615
Subject3,F0_B1,1Hz,win0.1,0.06385117283728381
Subject3,F0_B1,1Hz,win0.2,0.25031503790579873
Subject3,F0_B1,1Hz,win0.3,0.3670837093192212
Subject3,F0_B1,1Hz,win0.1,0.0802436968648898
Subject3,F0_B1,1Hz,win0.2,0.23567897539797286
Subject3,F0_B1,1Hz,win0.3,0.35852434998830673
Subject3,F0_B1,1.5Hz,win0.1,0.12458203394603061
Subject3,F0_B1,1.5Hz,win0.2,0.2673771867790368
Subject3,F0_B1,1.5Hz,win0.3,0.3668125689315504
Subject3,F0_B1,1.5Hz,win0.1,0.12421075822066566
Subject3,F0_B1,1.5Hz,win0.2,0.3014666027485151
Subject3,F0_B1,1.5Hz,win0.3,0.4271045876966602
Subject3,F0_B1,1.5Hz,win0.1,0.08899285770979107
Subject3,F0_B1,1.5Hz,win0.2,0.3347680054036929
Subject3,F0_B1,1.5Hz,win0.3,0.43934414063399096
Subject3,F0_B1,1.5Hz,win0.1,0.17826546926831463
Subject3,F0_B1,1.5Hz,win0.2,0.32338359788382476
Subject3,F0_B1,1.5Hz,win0.3,0.5456038908922366
Subject3,F0_B1,1.5Hz,win0.1,0.11716135689380756
Subject3,F0_B1,1.5Hz,win0.2,0.30738476427907957
Subject3,F0_B1,1.5Hz,win0.3,0.4199210509463332
Subject3,F0_B1,1.5Hz,win0.1,0.24595586538980346
Subject3,F0_B1,1.5Hz,win0.2,0.5160972546238768
Subject3,F0_B1,1.5Hz,win0.3,0.7036307963603978
Subject3,F0_B1,2.5Hz,win0.1,0.04765143595721619
Subject3,F0_B1,2.5Hz,win0.2,0.08935524546510616
Subject3,F0_B1,2.5Hz,win0.3,0.14043706962249933
Subject3,F0_B1,2.5Hz,win0.1,0.010544135214330957
Subject3,F0_B1,2.5Hz,win0.2,0.023897632450602623
Subject3,F0_B1,2.5Hz,win0.3,0.03294899497123291
Subject3,F0_B1,2.5Hz,win0.1,0.04758436970530007
Subject3,F0_B1,2.5Hz,win0.2,0.07574110145199799
Subject3,F0_B1,2.5Hz,win0.3,0.10876678224482653
Subject3,F0_B1,2.5Hz,win0.1,0.06926201643489725
Subject3,F0_B1,2.5Hz,win0.2,0.1388203410704857
Subject3,F0_B1,2.5Hz,win0.3,0.19553948698357024
Subject3,F0_B1,2.5Hz,win0.1,0.03989996568607338
Subject3,F0_B1,2.5Hz,win0.2,0.08171698921662936
Subject3,F0_B1,2.5Hz,win0.3,0.19676726699436148
Subject3,F0_B1,2.5Hz,win0.1,0.022639666863305995
Subject3,F0_B1,2.5Hz,win0.2,0.06020523486813579
Subject3,F0_B1,2.5Hz,win0.3,0.12680231663222766
Subject4,F0_B1,0.5Hz,win0.1,0.04657044257265392
Subject4,F0_B1,0.5Hz,win0.2,0.1825300972699008
Subject4,F0_B1,0.5Hz,win0.3,0.3444282419109071
Subject4,F0_B1,0.5Hz,win0.1,0.042246154576525065
Subject4,F0_B1,0.5Hz,win0.2,0.19778659507282467
Subject4,F0_B1,0.5Hz,win0.3,0.3204308351266087
Subject4,F0_B1,0.5Hz,win0.1,0.04530014733549681
Subject4,F0_B1,0.5Hz,win0.2,0.11071422569464984
Subject4,F0_B1,0.5Hz,win0.3,0.1627602212246047
Subject4,F0_B1,0.5Hz,win0.1,0.08926842422566311
Subject4,F0_B1,0.5Hz,win0.2,0.22596996918216847
Subject4,F0_B1,0.5Hz,win0.3,0.3340343841238855
Subject4,F0_B1,0.5Hz,win0.1,0.03937216597008745
Subject4,F0_B1,0.5Hz,win0.2,0.26749418954102083
Subject4,F0_B1,0.5Hz,win0.3,0.30803030753565463
Subject4,F0_B1,0.5Hz,win0.1,0.08563011871612548
Subject4,F0_B1,0.5Hz,win0.2,0.21595643666281475
Subject4,F0_B1,0.5Hz,win0.3,0.31700656038514685
Subject4,F0_B1,1Hz,win0.1,0.34360145662913527
Subject4,F0_B1,1Hz,win0.2,0.42271757682566574
Subject4,F0_B1,1Hz,win0.3,0.5201664904824278
Subject4,F0_B1,1Hz,win0.1,0.1686490385390282
Subject4,F0_B1,1Hz,win0.2,0.36101516637070835
Subject4,F0_B1,1Hz,win0.3,0.5018258262920772
Subject4,F0_B1,1Hz,win0.1,0.19419816245968174
Subject4,F0_B1,1Hz,win0.2,0.4083260401318305
Subject4,F0_B1,1Hz,win0.3,0.4819349504201271
Subject4,F0_B1,1Hz,win0.1,0.22174594239321188
Subject4,F0_B1,1Hz,win0.2,0.3121498104951299
Subject4,F0_B1,1Hz,win0.3,0.39515948201841133
Subject4,F0_B1,1Hz,win0.1,0.08804062357918489
Subject4,F0_B1,1Hz,win0.2,0.1783170778187264
Subject4,F0_B1,1Hz,win0.3,0.2946915379872729
Subject4,F0_B1,1Hz,win0.1,0.08499095327471498
Subject4,F0_B1,1Hz,win0.2,0.18253131263023445
Subject4,F0_B1,1Hz,win0.3,0.3139985460690839
Subject4,F0_B1,1.5Hz,win0.1,0.06045474560542262
Subject4,F0_B1,1.5Hz,win0.2,0.141463150239982
Subject4,F0_B1,1.5Hz,win0.3,0.2106973091076294
Subject4,F0_B1,1.5Hz,win0.1,0.08013663787041743
Subject4,F0_B1,1.5Hz,win0.2,0.22091865067149333
Subject4,F0_B1,1.5Hz,win0.3,0.45617662580269397
Subject4,F0_B1,1.5Hz,win0.1,0.056301810437023925
Subject4,F0_B1,1.5Hz,win0.2,0.12714577220500287
Subject4,F0_B1,1.5Hz,win0.3,0.2513165209720382
Subject4,F0_B1,1.5Hz,win0.1,0.13316322049420617
Subject4,F0_B1,1.5Hz,win0.2,0.3354179115705755
Subject4,F0_B1,1.5Hz,win0.3,0.6388128373926449
Subject4,F0_B1,1.5Hz,win0.1,0.06348919547737976
Subject4,F0_B1,1.5Hz,win0.2,0.1194924409697719
Subject4,F0_B1,1.5Hz,win0.3,0.24926037575641594
Subject4,F0_B1,1.5Hz,win0.1,0.15622425388305522
Subject4,F0_B1,1.5Hz,win0.2,0.2768942071981316
Subject4,F0_B1,1.5Hz,win0.3,0.394594638751021
Subject4,F0_B1,2.5Hz,win0.1,0.08148902975143503
Subject4,F0_B1,2.5Hz,win0.2,0.1663189976684561
Subject4,F0_B1,2.5Hz,win0.3,0.22670651443792175
Subject4,F0_B1,2.5Hz,win0.1,0.026562716254083827
Subject4,F0_B1,2.5Hz,win0.2,0.06129777713832032
Subject4,F0_B1,2.5Hz,win0.3,0.09099127530010018
Subject4,F0_B1,2.5Hz,win0.1,0.03203044210998649
Subject4,F0_B1,2.5Hz,win0.2,0.10950746511751046
Subject4,F0_B1,2.5Hz,win0.3,0.16061632611505353
Subject4,F0_B1,2.5Hz,win0.1,0.07077153526113633
Subject4,F0_B1,2.5Hz,win0.2,0.1382083943414473
Subject4,F0_B1,2.5Hz,win0.3,0.18671818514724325
Subject4,F0_B1,2.5Hz,win0.1,0.1649980257724533
Subject4,F0_B1,2.5Hz,win0.2,0.2955710036927105
Subject4,F0_B1,2.5Hz,win0.3,0.43169771896579184
Subject4,F0_B1,2.5Hz,win0.1,0.13284082871626687
Subject4,F0_B1,2.5Hz,win0.2,0.23910531493504436
Subject4,F0_B1,2.5Hz,win0.3,0.32969270479564927
Subject5,F0_B1,0.5Hz,win0.1,0.0481179743319145
Subject5,F0_B1,0.5Hz,win0.2,0.12405146842868928
Subject5,F0_B1,0.5Hz,win0.3,0.16409401094725604
Subject5,F0_B1,0.5Hz,win0.1,0.06447286373427781
Subject5,F0_B1,0.5Hz,win0.2,0.19600056331050947
Subject5,F0_B1,0.5Hz,win0.3,0.289832039834878
Subject5,F0_B1,0.5Hz,win0.1,0.07896109138834632
Subject5,F0_B1,0.5Hz,win0.2,0.11119362533389908
Subject5,F0_B1,0.5Hz,win0.3,0.16468891925152787
Subject5,F0_B1,0.5Hz,win0.1,0.05540155660486368
Subject5,F0_B1,0.5Hz,win0.2,0.11560974356350322
Subject5,F0_B1,0.5Hz,win0.3,0.1852501673762243
Subject5,F0_B1,0.5Hz,win0.1,0.031060230776466705
Subject5,F0_B1,0.5Hz,win0.2,0.06802167596755584
Subject5,F0_B1,0.5Hz,win0.3,0.12570054235972145
Subject5,F0_B1,0.5Hz,win0.1,0.014579801716216534
Subject5,F0_B1,0.5Hz,win0.2,0.05956484058529946
Subject5,F0_B1,0.5Hz,win0.3,0.09933448448322729
Subject5,F0_B1,1Hz,win0.1,0.1439507488738504
Subject5,F0_B1,1Hz,win0.2,0.21315398198906518
Subject5,F0_B1,1Hz,win0.3,0.40070292378391253
Subject5,F0_B1,1Hz,win0.1,0.12776300045376698
Subject5,F0_B1,1Hz,win0.2,0.2695250019217071
Subject5,F0_B1,1Hz,win0.3,0.335555180294484
Subject5,F0_B1,1Hz,win0.1,0.18683288717973717
Subject5,F0_B1,1Hz,win0.2,0.282609540666515
Subject5,F0_B1,1Hz,win0.3,0.38986005746473473
Subject5,F0_B1,1Hz,win0.1,0.20601763910214327
Subject5,F0_B1,1Hz,win0.2,0.30795545190331697
Subject5,F0_B1,1Hz,win0.3,0.44267463554318887
Subject5,F0_B1,1Hz,win0.1,0.15127920988385807
Subject5,F0_B1,1Hz,win0.2,0.25825162483330055
Subject5,F0_B1,1Hz,win0.3,0.4134590562151131
Subject5,F0_B1,1Hz,win0.1,0.20502142121749017
Subject5,F0_B1,1Hz,win0.2,0.31302109114762305
Subject5,F0_B1,1Hz,win0.3,0.39761403177866944
Subject5,F0_B1,1.5Hz,win0.1,0.15036696144287626
Subject5,F0_B1,1.5Hz,win0.2,0.2433033658358447
Subject5,F0_B1,1.5Hz,win0.3,0.3268417114064199
Subject5,F0_B1,1.5Hz,win0.1,0.06762446068790194
Subject5,F0_B1,1.5Hz,win0.2,0.139604010626414
Subject5,F0_B1,1.5Hz,win0.3,0.23682982741307815
Subject5,F0_B1,1.5Hz,win0.1,0.14424872371264996
Subject5,F0_B1,1.5Hz,win0.2,0.38175709595377555
Subject5,F0_B1,1.5Hz,win0.3,0.46990511920896894
Subject5,F0_B1,1.5Hz,win0.1,0.06929559208538941
Subject5,F0_B1,1.5Hz,win0.2,0.224908946055477
Subject5,F0_B1,1.5Hz,win0.3,0.5086716871502309
Subject5,F0_B1,1.5Hz,win0.1,0.09480157213105198
Subject5,F0_B1,1.5Hz,win0.2,0.238197755418386
Subject5,F0_B1,1.5Hz,win0.3,0.3083400128305615
Subject5,F0_B1,1.5Hz,win0.1,0.23242883888645163
Subject5,F0_B1,1.5Hz,win0.2,0.3653588055161828
Subject5,F0_B1,1.5Hz,win0.3,0.5515582905454136
Subject5,F0_B1,2.5Hz,win0.1,0.1069326081214372
Subject5,F0_B1,2.5Hz,win0.2,0.13704489984171234
Subject5,F0_B1,2.5Hz,win0.3,0.2471089748126118
Subject5,F0_B1,2.5Hz,win0.1,0.09413761186313274
Subject5,F0_B1,2.5Hz,win0.2,0.16463673425060585
Subject5,F0_B1,2.5Hz,win0.3,0.19017295034993262
Subject5,F0_B1,2.5Hz,win0.1,0.08882113364423574
Subject5,F0_B1,2.5Hz,win0.2,0.15938394259261388
Subject5,F0_B1,2.5Hz,win0.3,0.22751124800215386
Subject5,F0_B1,2.5Hz,win0.1,0.07133427010117441
Subject5,F0_B1,2.5Hz,win0.2,0.10818168122519892
Subject5,F0_B1,2.5Hz,win0.3,0.15342709282027261
Subject5,F0_B1,2.5Hz,win0.1,0.038139463121872615
Subject5,F0_B1,2.5Hz,win0.2,0.06503214639480542
Subject5,F0_B1,2.5Hz,win0.3,0.08539036267594735
Subject5,F0_B1,2.5Hz,win0.1,0.04984210855086811
Subject5,F0_B1,2.5Hz,win0.2,0.07684284517885426
Subject5,F0_B1,2.5Hz,win0.3,0.1101105107137952
Subject6,F0_B1,0.5Hz,win0.1,0.03979368491944388
Subject6,F0_B1,0.5Hz,win0.2,0.11966998814016516
Subject6,F0_B1,0.5Hz,win0.3,0.15120831121264278
Subject6,F0_B1,0.5Hz,win0.1,0.049984698889855406
Subject6,F0_B1,0.5Hz,win0.2,0.1107907392709622
Subject6,F0_B1,0.5Hz,win0.3,0.14041488306380265
Subject6,F0_B1,0.5Hz,win0.1,0.058265236462763124
Subject6,F0_B1,0.5Hz,win0.2,0.12440727302094393
Subject6,F0_B1,0.5Hz,win0.3,0.18707120716894365
Subject6,F0_B1,0.5Hz,win0.1,0.07146491899157435
Subject6,F0_B1,0.5Hz,win0.2,0.15129666792330676
Subject6,F0_B1,0.5Hz,win0.3,0.25025996653168997
Subject6,F0_B1,0.5Hz,win0.1,0.07720902118646944
Subject6,F0_B1,0.5Hz,win0.2,0.171125365894176
Subject6,F0_B1,0.5Hz,win0.3,0.2626777253804933
Subject6,F0_B1,0.5Hz,win0.1,0.055707359588615855
Subject6,F0_B1,0.5Hz,win0.2,0.12592632422587763
Subject6,F0_B1,0.5Hz,win0.3,0.21950158641510356
Subject6,F0_B1,1Hz,win0.1,0.057328059646429404
Subject6,F0_B1,1Hz,win0.2,0.15190649273531984
Subject6,F0_B1,1Hz,win0.3,0.30352743396159926
Subject6,F0_B1,1Hz,win0.1,0.18381214204958277
Subject6,F0_B1,1Hz,win0.2,0.30590101958218346
Subject6,F0_B1,1Hz,win0.3,0.47560359187335843
Subject6,F0_B1,1Hz,win0.1,0.08200581898033794
Subject6,F0_B1,1Hz,win0.2,0.19673226197733112
Subject6,F0_B1,1Hz,win0.3,0.3594591003587555
Subject6,F0_B1,1Hz,win0.1,0.14034238604462032
Subject6,F0_B1,1Hz,win0.2,0.21769006904179705
Subject6,F0_B1,1Hz,win0.3,0.3759326574806603
Subject6,F0_B1,1Hz,win0.1,0.07275263206403966
Subject6,F0_B1,1Hz,win0.2,0.15682818473858262
Subject6,F0_B1,1Hz,win0.3,0.3041314249447491
Subject6,F0_B1,1.5Hz,win0.1,0.34986076147811856
Subject6,F0_B1,1.5Hz,win0.2,0.5800873288779756
Subject6,F0_B1,1.5Hz,win0.3,0.6600720449624164
Subject6,F0_B1,1.5Hz,win0.1,0.21583688798469958
Subject6,F0_B1,1.5Hz,win0.2,0.3718917426995847
Subject6,F0_B1,1.5Hz,win0.3,0.6709385816903014
Subject6,F0_B1,1.5Hz,win0.1,0.13207055357057151
Subject6,F0_B1,1.5Hz,win0.2,0.25296983763044856
Subject6,F0_B1,1.5Hz,win0.3,0.7208826926931606
Subject6,F0_B1,1.5Hz,win0.1,0.08533675351843888
Subject6,F0_B1,1.5Hz,win0.2,0.16776776709872418
Subject6,F0_B1,1.5Hz,win0.3,0.32908362045831296
Subject6,F0_B1,1.5Hz,win0.1,0.17479833250534502
Subject6,F0_B1,1.5Hz,win0.2,0.2193658316321869
Subject6,F0_B1,1.5Hz,win0.3,0.2551305290888231
Subject6,F0_B1,1.5Hz,win0.1,0.09558348088622533
Subject6,F0_B1,1.5Hz,win0.2,0.17339246425875599
Subject6,F0_B1,1.5Hz,win0.3,0.28806188660491056
Subject6,F0_B1,2.5Hz,win0.1,0.15993485995223378
Subject6,F0_B1,2.5Hz,win0.2,0.22796729768939605
Subject6,F0_B1,2.5Hz,win0.3,0.35033704804086846
Subject6,F0_B1,2.5Hz,win0.1,0.10999632147625434
Subject6,F0_B1,2.5Hz,win0.2,0.203150920799936
Subject6,F0_B1,2.5Hz,win0.3,0.27099888302411546
Subject6,F0_B1,2.5Hz,win0.1,0.06447952481711296
Subject6,F0_B1,2.5Hz,win0.2,0.11353934556405008
Subject6,F0_B1,2.5Hz,win0.3,0.1886777383303322
Subject6,F0_B1,2.5Hz,win0.1,0.024392710941885252
Subject6,F0_B1,2.5Hz,win0.2,0.042322677551163874
Subject6,F0_B1,2.5Hz,win0.3,0.06942986361570368
Subject6,F0_B1,2.5Hz,win0.1,0.06973970760342095
Subject6,F0_B1,2.5Hz,win0.2,0.09971742127047774
Subject6,F0_B1,2.5Hz,win0.3,0.13408403592619067
Subject6,F0_B1,2.5Hz,win0.1,0.01977550324234496
Subject6,F0_B1,2.5Hz,win0.2,0.031219730950847936
Subject6,F0_B1,2.5Hz,win0.3,0.039675282692142
Subject7,F0_B1,0.5Hz,win0.1,0.12123184145248844
Subject7,F0_B1,0.5Hz,win0.2,0.16213844564937385
Subject7,F0_B1,0.5Hz,win0.3,0.2195771142837598
Subject7,F0_B1,0.5Hz,win0.1,0.15433974760235872
Subject7,F0_B1,0.5Hz,win0.2,0.2203784725860022
Subject7,F0_B1,0.5Hz,win0.3,0.2598859213169367
Subject7,F0_B1,0.5Hz,win0.1,0.06706032915828532
Subject7,F0_B1,0.5Hz,win0.2,0.20325054166015824
Subject7,F0_B1,0.5Hz,win0.3,0.276282025465323
Subject7,F0_B1,0.5Hz,win0.1,0.07810387054412696
Subject7,F0_B1,0.5Hz,win0.2,0.14785603891342736
Subject7,F0_B1,0.5Hz,win0.3,0.20282352656772396
Subject7,F0_B1,0.5Hz,win0.1,0.09610671658077947
Subject7,F0_B1,0.5Hz,win0.2,0.1626765863560295
Subject7,F0_B1,0.5Hz,win0.3,0.19784186673619
Subject7,F0_B1,0.5Hz,win0.1,0.06660464598497798
Subject7,F0_B1,0.5Hz,win0.2,0.10231693488301938
Subject7,F0_B1,0.5Hz,win0.3,0.12637386260315117
Subject7,F0_B1,1Hz,win0.1,0.24282291794099958
Subject7,F0_B1,1Hz,win0.2,0.4311146949733746
Subject7,F0_B1,1Hz,win0.3,0.5771168275118829
Subject7,F0_B1,1Hz,win0.1,0.23212942847616214
Subject7,F0_B1,1Hz,win0.2,0.4047222167995336
Subject7,F0_B1,1Hz,win0.3,0.6377580766390981
Subject7,F0_B1,1Hz,win0.1,0.16770645473814777
Subject7,F0_B1,1Hz,win0.2,0.4244099720299368
Subject7,F0_B1,1Hz,win0.3,0.5562070977127359
Subject7,F0_B1,1Hz,win0.1,0.10826367564026657
Subject7,F0_B1,1Hz,win0.2,0.335149774587458
Subject7,F0_B1,1Hz,win0.3,0.395894475703504
Subject7,F0_B1,1Hz,win0.1,0.08158403524413901
Subject7,F0_B1,1Hz,win0.2,0.18272133719896175
Subject7,F0_B1,1Hz,win0.3,0.30945633438779746
Subject7,F0_B1,1Hz,win0.1,0.10789503839876456
Subject7,F0_B1,1Hz,win0.2,0.24914163739597417
Subject7,F0_B1,1Hz,win0.3,0.35825299581875153
Subject7,F0_B1,1.5Hz,win0.1,0.028342609098942106
Subject7,F0_B1,1.5Hz,win0.2,0.12017230211110008
Subject7,F0_B1,1.5Hz,win0.3,0.2310154777671916
Subject7,F0_B1,1.5Hz,win0.1,0.14582310418908517
Subject7,F0_B1,1.5Hz,win0.2,0.2376827917446031
Subject7,F0_B1,1.5Hz,win0.3,0.3537619050836146
Subject7,F0_B1,1.5Hz,win0.1,0.09673730166838952
Subject7,F0_B1,1.5Hz,win0.2,0.1624770862457427
Subject7,F0_B1,1.5Hz,win0.3,0.21864073422477837
Subject7,F0_B1,1.5Hz,win0.1,0.15158289488451365
Subject7,F0_B1,1.5Hz,win0.2,0.2616871763917624
Subject7,F0_B1,1.5Hz,win0.3,0.35747043388786376
Subject7,F0_B1,1.5Hz,win0.1,0.058860222454546335
Subject7,F0_B1,1.5Hz,win0.2,0.10748209221130324
Subject7,F0_B1,1.5Hz,win0.3,0.18257184823231445
Subject7,F0_B1,1.5Hz,win0.1,0.04864205581698942
Subject7,F0_B1,1.5Hz,win0.2,0.09685658130649932
Subject7,F0_B1,1.5Hz,win0.3,0.13589525176193204
Subject7,F0_B1,2.5Hz,win0.1,0.023266276778513353
Subject7,F0_B1,2.5Hz,win0.2,0.07538711286388015
Subject7,F0_B1,2.5Hz,win0.3,0.1160371528162576
Subject7,F0_B1,2.5Hz,win0.1,0.035654691422233355
Subject7,F0_B1,2.5Hz,win0.2,0.05534952798045861
Subject7,F0_B1,2.5Hz,win0.3,0.09508084520568771
Subject7,F0_B1,2.5Hz,win0.1,0.028134039124813295
Subject7,F0_B1,2.5Hz,win0.2,0.05329405799200149
Subject7,F0_B1,2.5Hz,win0.3,0.12963914754485018
Subject7,F0_B1,2.5Hz,win0.1,0.086553963062216
Subject7,F0_B1,2.5Hz,win0.2,0.14503723663013432
Subject7,F0_B1,2.5Hz,win0.3,0.19744093442750227
Subject7,F0_B1,2.5Hz,win0.1,0.0386552481428753
Subject7,F0_B1,2.5Hz,win0.2,0.08455566167297619
Subject7,F0_B1,2.5Hz,win0.3,0.16336231857498207
Subject7,F0_B1,2.5Hz,win0.1,0.06613499339150683
Subject7,F0_B1,2.5Hz,win0.2,0.09847159282146428
Subject7,F0_B1,2.5Hz,win0.3,0.2033472936244283
Subject1,F1_B1,0.5Hz,win0.1,0.1521936344667336
Subject1,F1_B1,0.5Hz,win0.2,0.18154793387053125
Subject1,F1_B1,0.5Hz,win0.3,0.21296205446143304
Subject1,F1_B1,0.5Hz,win0.1,0.10845195021880549
Subject1,F1_B1,0.5Hz,win0.2,0.19204179013222353
Subject1,F1_B1,0.5Hz,win0.3,0.22513524317703174
Subject1,F1_B1,0.5Hz,win0.1,0.12043965238568008
Subject1,F1_B1,0.5Hz,win0.2,0.1674035402613572
Subject1,F1_B1,0.5Hz,win0.3,0.21429525249771705
Subject1,F1_B1,0.5Hz,win0.1,0.11889414794686598
Subject1,F1_B1,0.5Hz,win0.2,0.16637291441424115
Subject1,F1_B1,0.5Hz,win0.3,0.18913757222742483
Subject1,F1_B1,0.5Hz,win0.1,0.2116614462654335
Subject1,F1_B1,0.5Hz,win0.2,0.24575998877884467
Subject1,F1_B1,0.5Hz,win0.3,0.28771063577632683
Subject1,F1_B1,0.5Hz,win0.1,0.14109708928858702
Subject1,F1_B1,0.5Hz,win0.2,0.1824323636604806
Subject1,F1_B1,0.5Hz,win0.3,0.21302662429005512
Subject1,F1_B1,1Hz,win0.1,0.2676161029727637
Subject1,F1_B1,1Hz,win0.2,0.32230904010241707
Subject1,F1_B1,1Hz,win0.3,0.3808883425162359
Subject1,F1_B1,1Hz,win0.1,0.3108985876719255
Subject1,F1_B1,1Hz,win0.2,0.46762688271103514
Subject1,F1_B1,1Hz,win0.3,0.53734639163979
Subject1,F1_B1,1Hz,win0.1,0.2943605648924081
Subject1,F1_B1,1Hz,win0.2,0.4476784727937978
Subject1,F1_B1,1Hz,win0.3,0.5073130678614717
Subject1,F1_B1,1Hz,win0.1,0.17190529373849472
Subject1,F1_B1,1Hz,win0.2,0.2780204535424549
Subject1,F1_B1,1Hz,win0.3,0.3167238873527489
Subject1,F1_B1,1Hz,win0.1,0.3721760350722559
Subject1,F1_B1,1Hz,win0.2,0.4723133600828481
Subject1,F1_B1,1Hz,win0.3,0.524346702622883
Subject1,F1_B1,1Hz,win0.1,0.33679240949857125
Subject1,F1_B1,1Hz,win0.2,0.4243088344394842
Subject1,F1_B1,1Hz,win0.3,0.5228469644228044
Subject1,F1_B1,1.5Hz,win0.1,0.03361299953959629
Subject1,F1_B1,1.5Hz,win0.2,0.08903463208863582
Subject1,F1_B1,1.5Hz,win0.3,0.12176446442333853
Subject1,F1_B1,1.5Hz,win0.1,0.08085158565118462
Subject1,F1_B1,1.5Hz,win0.2,0.1830618737286549
Subject1,F1_B1,1.5Hz,win0.3,0.3025568849183884
Subject1,F1_B1,1.5Hz,win0.1,0.10786353601828884
Subject1,F1_B1,1.5Hz,win0.2,0.20950283613646456
Subject1,F1_B1,1.5Hz,win0.3,0.28004394023102497
Subject1,F1_B1,1.5Hz,win0.1,0.11952655648967596
Subject1,F1_B1,1.5Hz,win0.2,0.3160200882290822
Subject1,F1_B1,1.5Hz,win0.3,0.4133078765826839
Subject1,F1_B1,1.5Hz,win0.1,0.16927340895479648
Subject1,F1_B1,1.5Hz,win0.2,0.3105928011404134
Subject1,F1_B1,1.5Hz,win0.3,0.4982027463738962
Subject1,F1_B1,1.5Hz,win0.1,0.1706158762433855
Subject1,F1_B1,1.5Hz,win0.2,0.23670382105015897
Subject1,F1_B1,1.5Hz,win0.3,0.36517280898134724
Subject1,F1_B1,2.5Hz,win0.1,0.09286176737955729
Subject1,F1_B1,2.5Hz,win0.2,0.20330346057152482
Subject1,F1_B1,2.5Hz,win0.3,0.26963309271110364
Subject1,F1_B1,2.5Hz,win0.1,0.11645555011525545
Subject1,F1_B1,2.5Hz,win0.2,0.21896260636379292
Subject1,F1_B1,2.5Hz,win0.3,0.338570589145355
Subject1,F1_B1,2.5Hz,win0.1,0.03923623846390451
Subject1,F1_B1,2.5Hz,win0.2,0.10503760962765224
Subject1,F1_B1,2.5Hz,win0.3,0.19902884927855738
Subject1,F1_B1,2.5Hz,win0.1,0.08606429142031412
Subject1,F1_B1,2.5Hz,win0.2,0.16667820101194886
Subject1,F1_B1,2.5Hz,win0.3,0.29718069937097324
Subject1,F1_B1,2.5Hz,win0.1,0.154913218136055
Subject1,F1_B1,2.5Hz,win0.2,0.2895935316108765
Subject1,F1_B1,2.5Hz,win0.3,0.49155248370873794
Subject1,F1_B1,2.5Hz,win0.1,0.13785056664192288
Subject1,F1_B1,2.5Hz,win0.2,0.23574098085201847
Subject1,F1_B1,2.5Hz,win0.3,0.3231010492271315
Subject2,F1_B1,0.5Hz,win0.1,0.20082160526706794
Subject2,F1_B1,0.5Hz,win0.2,0.23663555343808348
Subject2,F1_B1,0.5Hz,win0.3,0.2605522053159795
Subject2,F1_B1,0.5Hz,win0.1,0.22855460293815164
Subject2,F1_B1,0.5Hz,win0.2,0.28055071155742994
Subject2,F1_B1,0.5Hz,win0.3,0.3021086831320699
Subject2,F1_B1,0.5Hz,win0.1,0.39190451850462
Subject2,F1_B1,0.5Hz,win0.2,0.47103457033698093
Subject2,F1_B1,0.5Hz,win0.3,0.5234780294196665
Subject2,F1_B1,0.5Hz,win0.1,0.2846102324778583
Subject2,F1_B1,0.5Hz,win0.2,0.36173975318239926
Subject2,F1_B1,0.5Hz,win0.3,0.4294001920745711
Subject2,F1_B1,0.5Hz,win0.1,0.3512024907440794
Subject2,F1_B1,0.5Hz,win0.2,0.46496600626238155
Subject2,F1_B1,0.5Hz,win0.3,0.5063356416674352
Subject2,F1_B1,0.5Hz,win0.1,0.35360567509464874
Subject2,F1_B1,0.5Hz,win0.2,0.4241632804714903
Subject2,F1_B1,0.5Hz,win0.3,0.4637053017233363
Subject2,F1_B1,1Hz,win0.1,0.23022020194004406
Subject2,F1_B1,1Hz,win0.2,0.4579021801805406
Subject2,F1_B1,1Hz,win0.3,0.5121806329437731
Subject2,F1_B1,1Hz,win0.1,0.30925413047187283
Subject2,F1_B1,1Hz,win0.2,0.5317852631601896
Subject2,F1_B1,1Hz,win0.3,0.5915383055203105
Subject2,F1_B1,1Hz,win0.1,0.4178019300865901
Subject2,F1_B1,1Hz,win0.2,0.5932447876089436
Subject2,F1_B1,1Hz,win0.3,0.6438377336564343
Subject2,F1_B1,1Hz,win0.1,0.20153629847202809
Subject2,F1_B1,1Hz,win0.2,0.41051843942078203
Subject2,F1_B1,1Hz,win0.3,0.5233092849790922
Subject2,F1_B1,1Hz,win0.1,0.20942252170457928
Subject2,F1_B1,1Hz,win0.2,0.5004624057164251
Subject2,F1_B1,1Hz,win0.3,0.5785424076044421
Subject2,F1_B1,1Hz,win0.1,0.19004950387308384
Subject2,F1_B1,1Hz,win0.2,0.3865998307713626
Subject2,F1_B1,1Hz,win0.3,0.49330222709431587
Subject2,F1_B1,1.5Hz,win0.1,0.17829136299735962
Subject2,F1_B1,1.5Hz,win0.2,0.2609110523305101
Subject2,F1_B1,1.5Hz,win0.3,0.38019738436283285
Subject2,F1_B1,1.5Hz,win0.1,0.25128279320401314
Subject2,F1_B1,1.5Hz,win0.2,0.41802094506197696
Subject2,F1_B1,1.5Hz,win0.3,0.5729205124457566
Subject2,F1_B1,1.5Hz,win0.1,0.16375902246532228
Subject2,F1_B1,1.5Hz,win0.2,0.3205334629805406
Subject2,F1_B1,1.5Hz,win0.3,0.4887924650211455
Subject2,F1_B1,1.5Hz,win0.1,0.13699802537395808
Subject2,F1_B1,1.5Hz,win0.2,0.25297807410710926
Subject2,F1_B1,1.5Hz,win0.3,0.3670417949723434
Subject2,F1_B1,1.5Hz,win0.1,0.16062699613974726
Subject2,F1_B1,1.5Hz,win0.2,0.2544584377972307
Subject2,F1_B1,1.5Hz,win0.3,0.4461053284105249
Subject2,F1_B1,1.5Hz,win0.1,0.16531834115205998
Subject2,F1_B1,1.5Hz,win0.2,0.31591147815503007
Subject2,F1_B1,1.5Hz,win0.3,0.42939007268121215
Subject2,F1_B1,2.5Hz,win0.1,0.05195755495252774
Subject2,F1_B1,2.5Hz,win0.2,0.19857687039298333
Subject2,F1_B1,2.5Hz,win0.3,0.27954364213142713
Subject2,F1_B1,2.5Hz,win0.1,0.10118474325197778
Subject2,F1_B1,2.5Hz,win0.2,0.20126376277945973
Subject2,F1_B1,2.5Hz,win0.3,0.27454308972542973
Subject2,F1_B1,2.5Hz,win0.1,0.10411136579325234
Subject2,F1_B1,2.5Hz,win0.2,0.1504461905527729
Subject2,F1_B1,2.5Hz,win0.3,0.2616402085342023
Subject2,F1_B1,2.5Hz,win0.1,0.10197926159645718
Subject2,F1_B1,2.5Hz,win0.2,0.23094413573094852
Subject2,F1_B1,2.5Hz,win0.3,0.2711663585858113
Subject2,F1_B1,2.5Hz,win0.1,0.16038182324178454
Subject2,F1_B1,2.5Hz,win0.2,0.3106726039678976
Subject2,F1_B1,2.5Hz,win0.3,0.38258429212386746
Subject2,F1_B1,2.5Hz,win0.1,0.10119122669013195
Subject2,F1_B1,2.5Hz,win0.2,0.20279838533558608
Subject2,F1_B1,2.5Hz,win0.3,0.2643673720688264
Subject3,F1_B1,0.5Hz,win0.1,0.18757132978616714
Subject3,F1_B1,0.5Hz,win0.2,0.3072236622650991
Subject3,F1_B1,0.5Hz,win0.3,0.40699666865774137
Subject3,F1_B1,0.5Hz,win0.1,0.3409361297845963
Subject3,F1_B1,0.5Hz,win0.2,0.47841444617520246
Subject3,F1_B1,0.5Hz,win0.3,0.5251164312834066
Subject3,F1_B1,0.5Hz,win0.1,0.22811298126404095
Subject3,F1_B1,0.5Hz,win0.2,0.42622318815556726
Subject3,F1_B1,0.5Hz,win0.3,0.46619719178223534
Subject3,F1_B1,0.5Hz,win0.1,0.2435187790677126
Subject3,F1_B1,0.5Hz,win0.2,0.3700546304873706
Subject3,F1_B1,0.5Hz,win0.3,0.41657994287322914
Subject3,F1_B1,0.5Hz,win0.1,0.18492355762127205
Subject3,F1_B1,0.5Hz,win0.2,0.23338251218056155
Subject3,F1_B1,0.5Hz,win0.3,0.2815518522076128
Subject3,F1_B1,0.5Hz,win0.1,0.0864104723102428
Subject3,F1_B1,0.5Hz,win0.2,0.12686552915101454
Subject3,F1_B1,0.5Hz,win0.3,0.14677330756404222
Subject3,F1_B1,1Hz,win0.1,0.18882132883744618
Subject3,F1_B1,1Hz,win0.2,0.40675621230875053
Subject3,F1_B1,1Hz,win0.3,0.5423019645652315
Subject3,F1_B1,1Hz,win0.1,0.2814517480956935
Subject3,F1_B1,1Hz,win0.2,0.44119971515900736
Subject3,F1_B1,1Hz,win0.3,0.5003566673960289
Subject3,F1_B1,1Hz,win0.1,0.22739949658978553
Subject3,F1_B1,1Hz,win0.2,0.31537743613212516
Subject3,F1_B1,1Hz,win0.3,0.43107962757992246
Subject3,F1_B1,1Hz,win0.1,0.3424119142777159
Subject3,F1_B1,1Hz,win0.2,0.5296203030165456
Subject3,F1_B1,1Hz,win0.3,0.5991622272103962
Subject3,F1_B1,1Hz,win0.1,0.21726299215005718
Subject3,F1_B1,1Hz,win0.2,0.3609275197781006
Subject3,F1_B1,1Hz,win0.3,0.5287832949854446
Subject3,F1_B1,1Hz,win0.1,0.1514865811436849
Subject3,F1_B1,1Hz,win0.2,0.3526598522476487
Subject3,F1_B1,1Hz,win0.3,0.4393630515611161
Subject3,F1_B1,1.5Hz,win0.1,0.08063678285184218
Subject3,F1_B1,1.5Hz,win0.2,0.17049961716933365
Subject3,F1_B1,1.5Hz,win0.3,0.32351894641690315
Subject3,F1_B1,1.5Hz,win0.1,0.1016093936563117
Subject3,F1_B1,1.5Hz,win0.2,0.20572454866735712
Subject3,F1_B1,1.5Hz,win0.3,0.3214776414521709
Subject3,F1_B1,1.5Hz,win0.1,0.1147835412568339
Subject3,F1_B1,1.5Hz,win0.2,0.23824459902649986
Subject3,F1_B1,1.5Hz,win0.3,0.3819220277806282
Subject3,F1_B1,1.5Hz,win0.1,0.24708137557276755
Subject3,F1_B1,1.5Hz,win0.2,0.4588657555622351
Subject3,F1_B1,1.5Hz,win0.3,0.5824415833099731
Subject3,F1_B1,1.5Hz,win0.1,0.27228328584207434
Subject3,F1_B1,1.5Hz,win0.2,0.3895684065184768
Subject3,F1_B1,1.5Hz,win0.3,0.44041830257729303
Subject3,F1_B1,1.5Hz,win0.1,0.31951979762637445
Subject3,F1_B1,1.5Hz,win0.2,0.4246686921786628
Subject3,F1_B1,1.5Hz,win0.3,0.5771891920690845
Subject3,F1_B1,2.5Hz,win0.1,0.03675332546556616
Subject3,F1_B1,2.5Hz,win0.2,0.06560470037495084
Subject3,F1_B1,2.5Hz,win0.3,0.10671603850257044
Subject3,F1_B1,2.5Hz,win0.1,0.05148783332827434
Subject3,F1_B1,2.5Hz,win0.2,0.11957714053366733
Subject3,F1_B1,2.5Hz,win0.3,0.1570731627338666
Subject3,F1_B1,2.5Hz,win0.1,0.15259293374851873
Subject3,F1_B1,2.5Hz,win0.2,0.19375892745511572
Subject3,F1_B1,2.5Hz,win0.3,0.26907644922814056
Subject3,F1_B1,2.5Hz,win0.1,0.09702849277252076
Subject3,F1_B1,2.5Hz,win0.2,0.22293267915201145
Subject3,F1_B1,2.5Hz,win0.3,0.39546677961135424
Subject3,F1_B1,2.5Hz,win0.1,0.037027752270620884
Subject3,F1_B1,2.5Hz,win0.2,0.08123662460071764
Subject3,F1_B1,2.5Hz,win0.3,0.1400800123332522
Subject3,F1_B1,2.5Hz,win0.1,0.052565189439182806
Subject3,F1_B1,2.5Hz,win0.2,0.09929988571729194
Subject3,F1_B1,2.5Hz,win0.3,0.1259463641398219
Subject4,F1_B1,0.5Hz,win0.1,0.18763188248341192
Subject4,F1_B1,0.5Hz,win0.2,0.2536830494550229
Subject4,F1_B1,0.5Hz,win0.3,0.29460720445131544
Subject4,F1_B1,0.5Hz,win0.1,0.23500189987056636
Subject4,F1_B1,0.5Hz,win0.2,0.41931632826834375
Subject4,F1_B1,0.5Hz,win0.3,0.49517637379764906
Subject4,F1_B1,0.5Hz,win0.1,0.16780503896940133
Subject4,F1_B1,0.5Hz,win0.2,0.4473802871539116
Subject4,F1_B1,0.5Hz,win0.3,0.5214287073417083
Subject4,F1_B1,0.5Hz,win0.1,0.1789597777468466
Subject4,F1_B1,0.5Hz,win0.2,0.3442459572952739
Subject4,F1_B1,0.5Hz,win0.3,0.4198934098767268
Subject4,F1_B1,0.5Hz,win0.1,0.18058672840040424
Subject4,F1_B1,0.5Hz,win0.2,0.3184831302901255
Subject4,F1_B1,0.5Hz,win0.3,0.36004253317917523
Subject4,F1_B1,0.5Hz,win0.1,0.12977954438099246
Subject4,F1_B1,0.5Hz,win0.2,0.37904042674283034
Subject4,F1_B1,0.5Hz,win0.3,0.452309206200933
Subject4,F1_B1,1Hz,win0.1,0.16637806230756144
Subject4,F1_B1,1Hz,win0.2,0.37898630260960436
Subject4,F1_B1,1Hz,win0.3,0.515077695980064
Subject4,F1_B1,1Hz,win0.1,0.16863853247674662
Subject4,F1_B1,1Hz,win0.2,0.2594215728473825
Subject4,F1_B1,1Hz,win0.3,0.4500497819493802
Subject4,F1_B1,1Hz,win0.1,0.14652522832889353
Subject4,F1_B1,1Hz,win0.2,0.2865116996425731
Subject4,F1_B1,1Hz,win0.3,0.4404565891801111
Subject4,F1_B1,1Hz,win0.1,0.25131839916783455
Subject4,F1_B1,1Hz,win0.2,0.5051532634795719
Subject4,F1_B1,1Hz,win0.3,0.6101335160432153
Subject4,F1_B1,1Hz,win0.1,0.20777601558954387
Subject4,F1_B1,1Hz,win0.2,0.2511780986889706
Subject4,F1_B1,1Hz,win0.3,0.2938158703042724
Subject4,F1_B1,1Hz,win0.1,0.1404474980198218
Subject4,F1_B1,1Hz,win0.2,0.26495893829904094
Subject4,F1_B1,1Hz,win0.3,0.4230110983875602
Subject4,F1_B1,1.5Hz,win0.1,0.12290995539199617
Subject4,F1_B1,1.5Hz,win0.2,0.28326279183853975
Subject4,F1_B1,1.5Hz,win0.3,0.47386805922657843
Subject4,F1_B1,1.5Hz,win0.1,0.1795466648357511
Subject4,F1_B1,1.5Hz,win0.2,0.3112922046211603
Subject4,F1_B1,1.5Hz,win0.3,0.4387943393191914
Subject4,F1_B1,1.5Hz,win0.1,0.2592854506084165
Subject4,F1_B1,1.5Hz,win0.2,0.34144904087239203
Subject4,F1_B1,1.5Hz,win0.3,0.4139982430022532
Subject4,F1_B1,1.5Hz,win0.1,0.1418628136873536
Subject4,F1_B1,1.5Hz,win0.2,0.20449419625518292
Subject4,F1_B1,1.5Hz,win0.3,0.34238615640469705
Subject4,F1_B1,1.5Hz,win0.1,0.09491769018234182
Subject4,F1_B1,1.5Hz,win0.2,0.1283959809965324
Subject4,F1_B1,1.5Hz,win0.3,0.3058348609718859
Subject4,F1_B1,1.5Hz,win0.1,0.09019151871680235
Subject4,F1_B1,1.5Hz,win0.2,0.17330266024054655
Subject4,F1_B1,1.5Hz,win0.3,0.22925943089205642
Subject4,F1_B1,2.5Hz,win0.1,0.10822056519937548
Subject4,F1_B1,2.5Hz,win0.2,0.23870500325430904
Subject4,F1_B1,2.5Hz,win0.3,0.3200376067658713
Subject4,F1_B1,2.5Hz,win0.1,0.05034244710710992
Subject4,F1_B1,2.5Hz,win0.2,0.12217991382613858
Subject4,F1_B1,2.5Hz,win0.3,0.2494262959174614
Subject4,F1_B1,2.5Hz,win0.1,0.0979465985321224
Subject4,F1_B1,2.5Hz,win0.2,0.2633680101756918
Subject4,F1_B1,2.5Hz,win0.3,0.32267665228017456
Subject4,F1_B1,2.5Hz,win0.1,0.12610996810136615
Subject4,F1_B1,2.5Hz,win0.2,0.2587918712698769
Subject4,F1_B1,2.5Hz,win0.3,0.3701447992222427
Subject4,F1_B1,2.5Hz,win0.1,0.06139849056588728
Subject4,F1_B1,2.5Hz,win0.2,0.14566386821344654
Subject4,F1_B1,2.5Hz,win0.3,0.24589348304757241
Subject4,F1_B1,2.5Hz,win0.1,0.05612214854813805
Subject4,F1_B1,2.5Hz,win0.2,0.0883102217909543
Subject4,F1_B1,2.5Hz,win0.3,0.12581159011846496
Subject5,F1_B1,0.5Hz,win0.1,0.34575936524014034
Subject5,F1_B1,0.5Hz,win0.2,0.40753460742773384
Subject5,F1_B1,0.5Hz,win0.3,0.43143726103843694
Subject5,F1_B1,0.5Hz,win0.1,0.1511613596044665
Subject5,F1_B1,0.5Hz,win0.2,0.3224989851849733
Subject5,F1_B1,0.5Hz,win0.3,0.3879886626193554
Subject5,F1_B1,0.5Hz,win0.1,0.14576813669531652
Subject5,F1_B1,0.5Hz,win0.2,0.24354996884896604
Subject5,F1_B1,0.5Hz,win0.3,0.3347389272064605
Subject5,F1_B1,0.5Hz,win0.1,0.19756146402428315
Subject5,F1_B1,0.5Hz,win0.2,0.25768260615665894
Subject5,F1_B1,0.5Hz,win0.3,0.31168493901663386
Subject5,F1_B1,0.5Hz,win0.1,0.1926411240206045
Subject5,F1_B1,0.5Hz,win0.2,0.2638810499763504
Subject5,F1_B1,0.5Hz,win0.3,0.2905961363460818
Subject5,F1_B1,0.5Hz,win0.1,0.233307944575017
Subject5,F1_B1,0.5Hz,win0.2,0.3690609326759678
Subject5,F1_B1,0.5Hz,win0.3,0.3971672697350852
Subject5,F1_B1,1Hz,win0.1,0.3451351250433129
Subject5,F1_B1,1Hz,win0.2,0.5222618178682454
Subject5,F1_B1,1Hz,win0.3,0.6690536538288194
Subject5,F1_B1,1Hz,win0.1,0.507155608345546
Subject5,F1_B1,1Hz,win0.2,0.5885248705055115
Subject5,F1_B1,1Hz,win0.3,0.609033836559467
Subject5,F1_B1,1Hz,win0.1,0.29392407319075686
Subject5,F1_B1,1Hz,win0.2,0.5075239207328055
Subject5,F1_B1,1Hz,win0.3,0.606734692201741
Subject5,F1_B1,1Hz,win0.1,0.268783404880722
Subject5,F1_B1,1Hz,win0.2,0.4299827419682222
Subject5,F1_B1,1Hz,win0.3,0.5256926421899998
Subject5,F1_B1,1Hz,win0.1,0.18770933095131276
Subject5,F1_B1,1Hz,win0.2,0.28048719670495836
Subject5,F1_B1,1Hz,win0.3,0.32197060296608143
Subject5,F1_B1,1Hz,win0.1,0.18904937346131245
Subject5,F1_B1,1Hz,win0.2,0.36445694569780057
Subject5,F1_B1,1Hz,win0.3,0.4171222772354643
Subject5,F1_B1,1.5Hz,win0.1,0.38518059626233825
Subject5,F1_B1,1.5Hz,win0.2,0.5474744089143024
Subject5,F1_B1,1.5Hz,win0.3,0.6129433764983886
Subject5,F1_B1,1.5Hz,win0.1,0.27272426169157177
Subject5,F1_B1,1.5Hz,win0.2,0.4285736188723875
Subject5,F1_B1,1.5Hz,win0.3,0.5644623702123434
Subject5,F1_B1,1.5Hz,win0.1,0.3678475995960542
Subject5,F1_B1,1.5Hz,win0.2,0.4878085833494239
Subject5,F1_B1,1.5Hz,win0.3,0.5511172544100336
Subject5,F1_B1,1.5Hz,win0.1,0.1619699793035207
Subject5,F1_B1,1.5Hz,win0.2,0.36360849041402754
Subject5,F1_B1,1.5Hz,win0.3,0.42281643423047516
Subject5,F1_B1,1.5Hz,win0.1,0.14834630364800785
Subject5,F1_B1,1.5Hz,win0.2,0.20353391199436388
Subject5,F1_B1,1.5Hz,win0.3,0.3131462566265967
Subject5,F1_B1,1.5Hz,win0.1,0.2179689685481772
Subject5,F1_B1,1.5Hz,win0.2,0.3355392902725177
Subject5,F1_B1,1.5Hz,win0.3,0.49275788867408327
Subject5,F1_B1,2.5Hz,win0.1,0.059989979359993846
Subject5,F1_B1,2.5Hz,win0.2,0.12658583228297807
Subject5,F1_B1,2.5Hz,win0.3,0.20152403940722996
Subject5,F1_B1,2.5Hz,win0.1,0.09330177604241349
Subject5,F1_B1,2.5Hz,win0.2,0.19050096738344136
Subject5,F1_B1,2.5Hz,win0.3,0.29322811305941615
Subject5,F1_B1,2.5Hz,win0.1,0.09916979420123014
Subject5,F1_B1,2.5Hz,win0.2,0.19694292988647327
Subject5,F1_B1,2.5Hz,win0.3,0.47768752896406896
Subject5,F1_B1,2.5Hz,win0.1,0.07793734876564892
Subject5,F1_B1,2.5Hz,win0.2,0.1489999874600174
Subject5,F1_B1,2.5Hz,win0.3,0.22165755172289253
Subject5,F1_B1,2.5Hz,win0.1,0.10181048126393316
Subject5,F1_B1,2.5Hz,win0.2,0.1310104429554185
Subject5,F1_B1,2.5Hz,win0.3,0.20304831889697916
Subject5,F1_B1,2.5Hz,win0.1,0.11496955329164926
Subject5,F1_B1,2.5Hz,win0.2,0.1845670997649344
Subject5,F1_B1,2.5Hz,win0.3,0.27032819613866815
Subject6,F1_B1,0.5Hz,win0.1,0.18316017332702128
Subject6,F1_B1,0.5Hz,win0.2,0.2549141364798824
Subject6,F1_B1,0.5Hz,win0.3,0.3170412136335202
Subject6,F1_B1,0.5Hz,win0.1,0.2982856724390905
Subject6,F1_B1,0.5Hz,win0.2,0.3968754971881386
Subject6,F1_B1,0.5Hz,win0.3,0.47522286223848936
Subject6,F1_B1,0.5Hz,win0.1,0.2298808461117975
Subject6,F1_B1,0.5Hz,win0.2,0.34373208497404834
Subject6,F1_B1,0.5Hz,win0.3,0.3918753144676632
Subject6,F1_B1,0.5Hz,win0.1,0.4121147045917044
Subject6,F1_B1,0.5Hz,win0.2,0.49357005540188315
Subject6,F1_B1,0.5Hz,win0.3,0.5212590401461894
Subject6,F1_B1,0.5Hz,win0.1,0.21677445747679538
Subject6,F1_B1,0.5Hz,win0.2,0.3113745152752448
Subject6,F1_B1,0.5Hz,win0.3,0.3781207713265142
Subject6,F1_B1,0.5Hz,win0.1,0.1483529957638105
Subject6,F1_B1,0.5Hz,win0.2,0.25976751594965597
Subject6,F1_B1,0.5Hz,win0.3,0.3174755255615945
Subject6,F1_B1,1Hz,win0.1,0.2897176768683403
Subject6,F1_B1,1Hz,win0.2,0.5163139352487308
Subject6,F1_B1,1Hz,win0.3,0.6034882081403393
Subject6,F1_B1,1Hz,win0.1,0.38085081248287495
Subject6,F1_B1,1Hz,win0.2,0.4727405390294069
Subject6,F1_B1,1Hz,win0.3,0.5428891794227984
Subject6,F1_B1,1Hz,win0.1,0.4127527831725237
Subject6,F1_B1,1Hz,win0.2,0.48663055603551536
Subject6,F1_B1,1Hz,win0.3,0.518456191211738
Subject6,F1_B1,1Hz,win0.1,0.23762140730037806
Subject6,F1_B1,1Hz,win0.2,0.32665589646887944
Subject6,F1_B1,1Hz,win0.3,0.38936809661761834
Subject6,F1_B1,1Hz,win0.1,0.45940208438724434
Subject6,F1_B1,1Hz,win0.2,0.6428784975672873
Subject6,F1_B1,1Hz,win0.3,0.7252780077181039
Subject6,F1_B1,1Hz,win0.1,0.3681661176794461
Subject6,F1_B1,1Hz,win0.2,0.5666619098906436
Subject6,F1_B1,1Hz,win0.3,0.6314914952064807
Subject6,F1_B1,1.5Hz,win0.1,0.29600889335328606
Subject6,F1_B1,1.5Hz,win0.2,0.4514381806490478
Subject6,F1_B1,1.5Hz,win0.3,0.5923911199563435
Subject6,F1_B1,1.5Hz,win0.1,0.40080879864038055
Subject6,F1_B1,1.5Hz,win0.2,0.5743593749782235
Subject6,F1_B1,1.5Hz,win0.3,0.6441311814350208
Subject6,F1_B1,1.5Hz,win0.1,0.32533176404015024
Subject6,F1_B1,1.5Hz,win0.2,0.4848275392477243
Subject6,F1_B1,1.5Hz,win0.3,0.5925602868263742
Subject6,F1_B1,1.5Hz,win0.1,0.5234857807928075
Subject6,F1_B1,1.5Hz,win0.2,0.6457986705500696
Subject6,F1_B1,1.5Hz,win0.3,0.6978417555016695
Subject6,F1_B1,1.5Hz,win0.1,0.6186424888893786
Subject6,F1_B1,1.5Hz,win0.2,0.7055947410459276
Subject6,F1_B1,1.5Hz,win0.3,0.7396178054499053
Subject6,F1_B1,1.5Hz,win0.1,0.42093861808590854
Subject6,F1_B1,1.5Hz,win0.2,0.48944952065009356
Subject6,F1_B1,1.5Hz,win0.3,0.5520186084991694
Subject6,F1_B1,2.5Hz,win0.1,0.11035548844632835
Subject6,F1_B1,2.5Hz,win0.2,0.17957690668728316
Subject6,F1_B1,2.5Hz,win0.3,0.25722221880638285
Subject6,F1_B1,2.5Hz,win0.1,0.05610183305311642
Subject6,F1_B1,2.5Hz,win0.2,0.10052949927986092
Subject6,F1_B1,2.5Hz,win0.3,0.19376503086270874
Subject6,F1_B1,2.5Hz,win0.1,0.06399845288156762
Subject6,F1_B1,2.5Hz,win0.2,0.12006453488209226
Subject6,F1_B1,2.5Hz,win0.3,0.18431807769757755
Subject6,F1_B1,2.5Hz,win0.1,0.028223556455084994
Subject6,F1_B1,2.5Hz,win0.2,0.04351080921979596
Subject6,F1_B1,2.5Hz,win0.3,0.0884849534182563
Subject6,F1_B1,2.5Hz,win0.1,0.11328189422556867
Subject6,F1_B1,2.5Hz,win0.2,0.2691160160322799
Subject6,F1_B1,2.5Hz,win0.3,0.528421843279352
Subject6,F1_B1,2.5Hz,win0.1,0.05112801891287519
Subject6,F1_B1,2.5Hz,win0.2,0.07734964343184567
Subject6,F1_B1,2.5Hz,win0.3,0.1303703242902599
Subject7,F1_B1,0.5Hz,win0.1,0.06522951182238929
Subject7,F1_B1,0.5Hz,win0.2,0.11451502207235624
Subject7,F1_B1,0.5Hz,win0.3,0.1411467775286015
Subject7,F1_B1,0.5Hz,win0.1,0.2166862618038981
Subject7,F1_B1,0.5Hz,win0.2,0.31578659865957964
Subject7,F1_B1,0.5Hz,win0.3,0.3418835876078064
Subject7,F1_B1,0.5Hz,win0.1,0.19769723452935395
Subject7,F1_B1,0.5Hz,win0.2,0.353998628629776
Subject7,F1_B1,0.5Hz,win0.3,0.38406103736079844
Subject7,F1_B1,0.5Hz,win0.1,0.09424323675990802
Subject7,F1_B1,0.5Hz,win0.2,0.18994483057376557
Subject7,F1_B1,0.5Hz,win0.3,0.21927212091005607
Subject7,F1_B1,0.5Hz,win0.1,0.18598025908260604
Subject7,F1_B1,0.5Hz,win0.2,0.22666810395442866
Subject7,F1_B1,0.5Hz,win0.3,0.3022946548909758
Subject7,F1_B1,0.5Hz,win0.1,0.1483300248279585
Subject7,F1_B1,0.5Hz,win0.2,0.27994982172789895
Subject7,F1_B1,0.5Hz,win0.3,0.3509327476896508
Subject7,F1_B1,1Hz,win0.1,0.2519563426027833
Subject7,F1_B1,1Hz,win0.2,0.5966323779603546
Subject7,F1_B1,1Hz,win0.3,0.6707606185982999
Subject7,F1_B1,1Hz,win0.1,0.26426905645375515
Subject7,F1_B1,1Hz,win0.2,0.4248618081907166
Subject7,F1_B1,1Hz,win0.3,0.5143289295961693
Subject7,F1_B1,1Hz,win0.1,0.16099951736325976
Subject7,F1_B1,1Hz,win0.2,0.25792410300680607
Subject7,F1_B1,1Hz,win0.3,0.4389279627128035
Subject7,F1_B1,1Hz,win0.1,0.14398539730794033
Subject7,F1_B1,1Hz,win0.2,0.4338889638129814
Subject7,F1_B1,1Hz,win0.3,0.5610244576174153
Subject7,F1_B1,1Hz,win0.1,0.22041686890175669
Subject7,F1_B1,1Hz,win0.2,0.44093861417254865
Subject7,F1_B1,1Hz,win0.3,0.5734748597353688
Subject7,F1_B1,1Hz,win0.1,0.14143453176040321
Subject7,F1_B1,1Hz,win0.2,0.37909283705291236
Subject7,F1_B1,1Hz,win0.3,0.4790029029918321
Subject7,F1_B1,1.5Hz,win0.1,0.19315069335060694
Subject7,F1_B1,1.5Hz,win0.2,0.3219392138959234
Subject7,F1_B1,1.5Hz,win0.3,0.5168422050747458
Subject7,F1_B1,1.5Hz,win0.1,0.11016886186846345
Subject7,F1_B1,1.5Hz,win0.2,0.2506305487464723
Subject7,F1_B1,1.5Hz,win0.3,0.45892854007580186
Subject7,F1_B1,1.5Hz,win0.1,0.15787865208459825
Subject7,F1_B1,1.5Hz,win0.2,0.2925420383193473
Subject7,F1_B1,1.5Hz,win0.3,0.5749617277970244
Subject7,F1_B1,1.5Hz,win0.1,0.12679016439381477
Subject7,F1_B1,1.5Hz,win0.2,0.23751064900152588
Subject7,F1_B1,1.5Hz,win0.3,0.28252948463959066
Subject7,F1_B1,1.5Hz,win0.1,0.24423164839660985
Subject7,F1_B1,1.5Hz,win0.2,0.4797079233110791
Subject7,F1_B1,1.5Hz,win0.3,0.5670870469149046
Subject7,F1_B1,1.5Hz,win0.1,0.15622269463076044
Subject7,F1_B1,1.5Hz,win0.2,0.359696419131658
Subject7,F1_B1,1.5Hz,win0.3,0.5825513596974841
Subject7,F1_B1,2.5Hz,win0.1,0.019394875567973417
Subject7,F1_B1,2.5Hz,win0.2,0.03784953531443677
Subject7,F1_B1,2.5Hz,win0.3,0.06382134347036758
Subject7,F1_B1,2.5Hz,win0.1,0.039439552236732144
Subject7,F1_B1,2.5Hz,win0.2,0.06135301577433447
Subject7,F1_B1,2.5Hz,win0.3,0.07392706117331195
Subject7,F1_B1,2.5Hz,win0.1,0.030187980653933057
Subject7,F1_B1,2.5Hz,win0.2,0.06857462698336335
Subject7,F1_B1,2.5Hz,win0.3,0.1600658546783708
Subject7,F1_B1,2.5Hz,win0.1,0.07587502178599076
Subject7,F1_B1,2.5Hz,win0.2,0.11646808389221565
Subject7,F1_B1,2.5Hz,win0.3,0.22800376736961855
Subject7,F1_B1,2.5Hz,win0.1,0.06530927195360751
Subject7,F1_B1,2.5Hz,win0.2,0.11460570276721614
Subject7,F1_B1,2.5Hz,win0.3,0.20672586390253142
Subject7,F1_B1,2.5Hz,win0.1,0.05552654381846935
Subject7,F1_B1,2.5Hz,win0.2,0.08056305441216159
Subject7,F1_B1,2.5Hz,win0.3,0.11240156814591207
